"Indicator","Group","State","Subgroup","Phase","TimePeriod","TimePeriodLabel","TimePeriodStartDate","TimePeriodEndDate","Value","LowCI","HighCI","ConfidenceInterval","QuartileRange","SymptomType"
"Symptoms of Depressive Disorder","By Education","United States","Less than a high school diploma","1",1,"Apr 23 - May 5","4/23/2020 0:00","5/5/2020 0:00",32.7,27.8,38,"27.8 - 38.0",NA,"Depressive"
"Symptoms of Depressive Disorder","By Education","United States","High school diploma or GED","1",1,"Apr 23 - May 5","4/23/2020 0:00","5/5/2020 0:00",25.4,23.9,26.9,"23.9 - 26.9",NA,"Depressive"
"Symptoms of Depressive Disorder","By Education","United States","Some college/Associate's degree","1",1,"Apr 23 - May 5","4/23/2020 0:00","5/5/2020 0:00",25.6,24.4,26.9,"24.4 - 26.9",NA,"Depressive"
"Symptoms of Depressive Disorder","By Education","United States","Bachelor's degree or higher","1",1,"Apr 23 - May 5","4/23/2020 0:00","5/5/2020 0:00",17.6,16.8,18.4,"16.8 - 18.4",NA,"Depressive"
"Symptoms of Anxiety Disorder","By Education","United States","Less than a high school diploma","1",1,"Apr 23 - May 5","4/23/2020 0:00","5/5/2020 0:00",37.3,32.4,42.4,"32.4 - 42.4",NA,"Anxiety"
"Symptoms of Anxiety Disorder","By Education","United States","High school diploma or GED","1",1,"Apr 23 - May 5","4/23/2020 0:00","5/5/2020 0:00",30.6,29,32.3,"29.0 - 32.3",NA,"Anxiety"
"Symptoms of Anxiety Disorder","By Education","United States","Some college/Associate's degree","1",1,"Apr 23 - May 5","4/23/2020 0:00","5/5/2020 0:00",33.5,32,35.1,"32.0 - 35.1",NA,"Anxiety"
"Symptoms of Anxiety Disorder","By Education","United States","Bachelor's degree or higher","1",1,"Apr 23 - May 5","4/23/2020 0:00","5/5/2020 0:00",27,26.3,27.8,"26.3 - 27.8",NA,"Anxiety"
"Symptoms of Anxiety Disorder or Depressive Disorder","By Education","United States","Less than a high school diploma","1",1,"Apr 23 - May 5","4/23/2020 0:00","5/5/2020 0:00",45.4,40.3,50.5,"40.3 - 50.5",NA,"Anxiety or Depressive"
"Symptoms of Anxiety Disorder or Depressive Disorder","By Education","United States","High school diploma or GED","1",1,"Apr 23 - May 5","4/23/2020 0:00","5/5/2020 0:00",36.7,35.2,38.2,"35.2 - 38.2",NA,"Anxiety or Depressive"
"Symptoms of Anxiety Disorder or Depressive Disorder","By Education","United States","Some college/Associate's degree","1",1,"Apr 23 - May 5","4/23/2020 0:00","5/5/2020 0:00",38.5,36.9,40,"36.9 - 40.0",NA,"Anxiety or Depressive"
"Symptoms of Anxiety Disorder or Depressive Disorder","By Education","United States","Bachelor's degree or higher","1",1,"Apr 23 - May 5","4/23/2020 0:00","5/5/2020 0:00",30.7,29.8,31.5,"29.8 - 31.5",NA,"Anxiety or Depressive"
"Symptoms of Depressive Disorder","By Education","United States","Less than a high school diploma","1",2,"May 7 - May 12","5/7/2020 0:00","5/12/2020 0:00",31.4,25.9,37.3,"25.9 - 37.3",NA,"Depressive"
"Symptoms of Depressive Disorder","By Education","United States","High school diploma or GED","1",2,"May 7 - May 12","5/7/2020 0:00","5/12/2020 0:00",27.1,24.9,29.4,"24.9 - 29.4",NA,"Depressive"
"Symptoms of Depressive Disorder","By Education","United States","Some college/Associate's degree","1",2,"May 7 - May 12","5/7/2020 0:00","5/12/2020 0:00",26.5,25,28.1,"25.0 - 28.1",NA,"Depressive"
"Symptoms of Depressive Disorder","By Education","United States","Bachelor's degree or higher","1",2,"May 7 - May 12","5/7/2020 0:00","5/12/2020 0:00",17.2,16,18.3,"16.0 - 18.3",NA,"Depressive"
"Symptoms of Anxiety Disorder","By Education","United States","Less than a high school diploma","1",2,"May 7 - May 12","5/7/2020 0:00","5/12/2020 0:00",36.6,30.2,43.4,"30.2 - 43.4",NA,"Anxiety"
"Symptoms of Anxiety Disorder","By Education","United States","High school diploma or GED","1",2,"May 7 - May 12","5/7/2020 0:00","5/12/2020 0:00",32.8,30.4,35.3,"30.4 - 35.3",NA,"Anxiety"
"Symptoms of Anxiety Disorder","By Education","United States","Some college/Associate's degree","1",2,"May 7 - May 12","5/7/2020 0:00","5/12/2020 0:00",31.5,29.7,33.3,"29.7 - 33.3",NA,"Anxiety"
"Symptoms of Anxiety Disorder","By Education","United States","Bachelor's degree or higher","1",2,"May 7 - May 12","5/7/2020 0:00","5/12/2020 0:00",24.2,23.1,25.4,"23.1 - 25.4",NA,"Anxiety"
"Symptoms of Anxiety Disorder or Depressive Disorder","By Education","United States","Less than a high school diploma","1",2,"May 7 - May 12","5/7/2020 0:00","5/12/2020 0:00",42.5,36.2,48.9,"36.2 - 48.9",NA,"Anxiety or Depressive"
"Symptoms of Anxiety Disorder or Depressive Disorder","By Education","United States","High school diploma or GED","1",2,"May 7 - May 12","5/7/2020 0:00","5/12/2020 0:00",37.8,35.3,40.4,"35.3 - 40.4",NA,"Anxiety or Depressive"
"Symptoms of Anxiety Disorder or Depressive Disorder","By Education","United States","Some college/Associate's degree","1",2,"May 7 - May 12","5/7/2020 0:00","5/12/2020 0:00",36.2,34.6,37.9,"34.6 - 37.9",NA,"Anxiety or Depressive"
"Symptoms of Anxiety Disorder or Depressive Disorder","By Education","United States","Bachelor's degree or higher","1",2,"May 7 - May 12","5/7/2020 0:00","5/12/2020 0:00",27.5,26.3,28.7,"26.3 - 28.7",NA,"Anxiety or Depressive"
"Symptoms of Depressive Disorder","By Education","United States","Less than a high school diploma","1",3,"May 14 - May 19","5/14/2020 0:00","5/19/2020 0:00",31.3,27.2,35.8,"27.2 - 35.8",NA,"Depressive"
"Symptoms of Depressive Disorder","By Education","United States","High school diploma or GED","1",3,"May 14 - May 19","5/14/2020 0:00","5/19/2020 0:00",27.8,26.1,29.5,"26.1 - 29.5",NA,"Depressive"
"Symptoms of Depressive Disorder","By Education","United States","Some college/Associate's degree","1",3,"May 14 - May 19","5/14/2020 0:00","5/19/2020 0:00",26.8,25.3,28.4,"25.3 - 28.4",NA,"Depressive"
"Symptoms of Depressive Disorder","By Education","United States","Bachelor's degree or higher","1",3,"May 14 - May 19","5/14/2020 0:00","5/19/2020 0:00",17.3,16.3,18.3,"16.3 - 18.3",NA,"Depressive"
"Symptoms of Anxiety Disorder","By Education","United States","Less than a high school diploma","1",3,"May 14 - May 19","5/14/2020 0:00","5/19/2020 0:00",34.3,30.3,38.5,"30.3 - 38.5",NA,"Anxiety"
"Symptoms of Anxiety Disorder","By Education","United States","High school diploma or GED","1",3,"May 14 - May 19","5/14/2020 0:00","5/19/2020 0:00",30.5,28.7,32.4,"28.7 - 32.4",NA,"Anxiety"
"Symptoms of Anxiety Disorder","By Education","United States","Some college/Associate's degree","1",3,"May 14 - May 19","5/14/2020 0:00","5/19/2020 0:00",30.2,28.7,31.7,"28.7 - 31.7",NA,"Anxiety"
"Symptoms of Anxiety Disorder","By Education","United States","Bachelor's degree or higher","1",3,"May 14 - May 19","5/14/2020 0:00","5/19/2020 0:00",22.7,21.7,23.6,"21.7 - 23.6",NA,"Anxiety"
"Symptoms of Anxiety Disorder or Depressive Disorder","By Education","United States","Less than a high school diploma","1",3,"May 14 - May 19","5/14/2020 0:00","5/19/2020 0:00",40.9,36.2,45.8,"36.2 - 45.8",NA,"Anxiety or Depressive"
"Symptoms of Anxiety Disorder or Depressive Disorder","By Education","United States","High school diploma or GED","1",3,"May 14 - May 19","5/14/2020 0:00","5/19/2020 0:00",37.6,36,39.3,"36.0 - 39.3",NA,"Anxiety or Depressive"
"Symptoms of Anxiety Disorder or Depressive Disorder","By Education","United States","Some college/Associate's degree","1",3,"May 14 - May 19","5/14/2020 0:00","5/19/2020 0:00",36.1,34.5,37.8,"34.5 - 37.8",NA,"Anxiety or Depressive"
"Symptoms of Anxiety Disorder or Depressive Disorder","By Education","United States","Bachelor's degree or higher","1",3,"May 14 - May 19","5/14/2020 0:00","5/19/2020 0:00",26.4,25.3,27.5,"25.3 - 27.5",NA,"Anxiety or Depressive"
"Symptoms of Depressive Disorder","By Education","United States","Less than a high school diploma","1",4,"May 21 - May 26","5/21/2020 0:00","5/26/2020 0:00",38.7,34,43.5,"34.0 - 43.5",NA,"Depressive"
"Symptoms of Depressive Disorder","By Education","United States","High school diploma or GED","1",4,"May 21 - May 26","5/21/2020 0:00","5/26/2020 0:00",26.6,25.1,28.1,"25.1 - 28.1",NA,"Depressive"
"Symptoms of Depressive Disorder","By Education","United States","Some college/Associate's degree","1",4,"May 21 - May 26","5/21/2020 0:00","5/26/2020 0:00",27.6,26.4,28.8,"26.4 - 28.8",NA,"Depressive"
"Symptoms of Depressive Disorder","By Education","United States","Bachelor's degree or higher","1",4,"May 21 - May 26","5/21/2020 0:00","5/26/2020 0:00",17.3,16.5,18.2,"16.5 - 18.2",NA,"Depressive"
"Symptoms of Anxiety Disorder","By Education","United States","Less than a high school diploma","1",4,"May 21 - May 26","5/21/2020 0:00","5/26/2020 0:00",40.6,36.8,44.5,"36.8 - 44.5",NA,"Anxiety"
"Symptoms of Anxiety Disorder","By Education","United States","High school diploma or GED","1",4,"May 21 - May 26","5/21/2020 0:00","5/26/2020 0:00",29.5,27.9,31.1,"27.9 - 31.1",NA,"Anxiety"
"Symptoms of Anxiety Disorder","By Education","United States","Some college/Associate's degree","1",4,"May 21 - May 26","5/21/2020 0:00","5/26/2020 0:00",32.4,31.3,33.6,"31.3 - 33.6",NA,"Anxiety"
"Symptoms of Anxiety Disorder","By Education","United States","Bachelor's degree or higher","1",4,"May 21 - May 26","5/21/2020 0:00","5/26/2020 0:00",23.7,22.9,24.6,"22.9 - 24.6",NA,"Anxiety"
"Symptoms of Anxiety Disorder or Depressive Disorder","By Education","United States","Less than a high school diploma","1",4,"May 21 - May 26","5/21/2020 0:00","5/26/2020 0:00",47.7,43.4,52.1,"43.4 - 52.1",NA,"Anxiety or Depressive"
"Symptoms of Anxiety Disorder or Depressive Disorder","By Education","United States","High school diploma or GED","1",4,"May 21 - May 26","5/21/2020 0:00","5/26/2020 0:00",35.3,33.6,37.1,"33.6 - 37.1",NA,"Anxiety or Depressive"
"Symptoms of Anxiety Disorder or Depressive Disorder","By Education","United States","Some college/Associate's degree","1",4,"May 21 - May 26","5/21/2020 0:00","5/26/2020 0:00",37.6,36.4,38.8,"36.4 - 38.8",NA,"Anxiety or Depressive"
"Symptoms of Anxiety Disorder or Depressive Disorder","By Education","United States","Bachelor's degree or higher","1",4,"May 21 - May 26","5/21/2020 0:00","5/26/2020 0:00",27,26.1,27.9,"26.1 - 27.9",NA,"Anxiety or Depressive"
"Symptoms of Depressive Disorder","By Education","United States","Less than a high school diploma","1",5,"May 28 - June 2","5/28/2020 0:00","6/2/2020 0:00",31.9,28.6,35.4,"28.6 - 35.4",NA,"Depressive"
"Symptoms of Depressive Disorder","By Education","United States","High school diploma or GED","1",5,"May 28 - June 2","5/28/2020 0:00","6/2/2020 0:00",27.8,26.3,29.5,"26.3 - 29.5",NA,"Depressive"
"Symptoms of Depressive Disorder","By Education","United States","Some college/Associate's degree","1",5,"May 28 - June 2","5/28/2020 0:00","6/2/2020 0:00",27.8,26.7,29,"26.7 - 29.0",NA,"Depressive"
"Symptoms of Depressive Disorder","By Education","United States","Bachelor's degree or higher","1",5,"May 28 - June 2","5/28/2020 0:00","6/2/2020 0:00",18.6,17.7,19.6,"17.7 - 19.6",NA,"Depressive"
"Symptoms of Anxiety Disorder","By Education","United States","Less than a high school diploma","1",5,"May 28 - June 2","5/28/2020 0:00","6/2/2020 0:00",37.8,34.2,41.5,"34.2 - 41.5",NA,"Anxiety"
"Symptoms of Anxiety Disorder","By Education","United States","High school diploma or GED","1",5,"May 28 - June 2","5/28/2020 0:00","6/2/2020 0:00",31.4,29.8,32.9,"29.8 - 32.9",NA,"Anxiety"
"Symptoms of Anxiety Disorder","By Education","United States","Some college/Associate's degree","1",5,"May 28 - June 2","5/28/2020 0:00","6/2/2020 0:00",32.8,31.7,33.9,"31.7 - 33.9",NA,"Anxiety"
"Symptoms of Anxiety Disorder","By Education","United States","Bachelor's degree or higher","1",5,"May 28 - June 2","5/28/2020 0:00","6/2/2020 0:00",25.9,25.1,26.8,"25.1 - 26.8",NA,"Anxiety"
"Symptoms of Anxiety Disorder or Depressive Disorder","By Education","United States","Less than a high school diploma","1",5,"May 28 - June 2","5/28/2020 0:00","6/2/2020 0:00",43.9,40.4,47.5,"40.4 - 47.5",NA,"Anxiety or Depressive"
"Symptoms of Anxiety Disorder or Depressive Disorder","By Education","United States","High school diploma or GED","1",5,"May 28 - June 2","5/28/2020 0:00","6/2/2020 0:00",36.7,35.1,38.3,"35.1 - 38.3",NA,"Anxiety or Depressive"
"Symptoms of Anxiety Disorder or Depressive Disorder","By Education","United States","Some college/Associate's degree","1",5,"May 28 - June 2","5/28/2020 0:00","6/2/2020 0:00",38.3,37.2,39.4,"37.2 - 39.4",NA,"Anxiety or Depressive"
"Symptoms of Anxiety Disorder or Depressive Disorder","By Education","United States","Bachelor's degree or higher","1",5,"May 28 - June 2","5/28/2020 0:00","6/2/2020 0:00",29.4,28.5,30.3,"28.5 - 30.3",NA,"Anxiety or Depressive"
"Symptoms of Depressive Disorder","By Education","United States","Less than a high school diploma","1",6,"June 4 - June 9","6/4/2020 0:00","6/9/2020 0:00",37.1,33.3,40.9,"33.3 - 40.9",NA,"Depressive"
"Symptoms of Depressive Disorder","By Education","United States","High school diploma or GED","1",6,"June 4 - June 9","6/4/2020 0:00","6/9/2020 0:00",27.6,25.8,29.6,"25.8 - 29.6",NA,"Depressive"
"Symptoms of Depressive Disorder","By Education","United States","Some college/Associate's degree","1",6,"June 4 - June 9","6/4/2020 0:00","6/9/2020 0:00",28.2,26.8,29.7,"26.8 - 29.7",NA,"Depressive"
"Symptoms of Depressive Disorder","By Education","United States","Bachelor's degree or higher","1",6,"June 4 - June 9","6/4/2020 0:00","6/9/2020 0:00",18.9,18.1,19.7,"18.1 - 19.7",NA,"Depressive"
"Symptoms of Anxiety Disorder","By Education","United States","Less than a high school diploma","1",6,"June 4 - June 9","6/4/2020 0:00","6/9/2020 0:00",36.9,33.6,40.4,"33.6 - 40.4",NA,"Anxiety"
"Symptoms of Anxiety Disorder","By Education","United States","High school diploma or GED","1",6,"June 4 - June 9","6/4/2020 0:00","6/9/2020 0:00",31,28.9,33.1,"28.9 - 33.1",NA,"Anxiety"
"Symptoms of Anxiety Disorder","By Education","United States","Some college/Associate's degree","1",6,"June 4 - June 9","6/4/2020 0:00","6/9/2020 0:00",33.6,32.2,35.1,"32.2 - 35.1",NA,"Anxiety"
"Symptoms of Anxiety Disorder","By Education","United States","Bachelor's degree or higher","1",6,"June 4 - June 9","6/4/2020 0:00","6/9/2020 0:00",27.3,26.4,28.2,"26.4 - 28.2",NA,"Anxiety"
"Symptoms of Anxiety Disorder or Depressive Disorder","By Education","United States","Less than a high school diploma","1",6,"June 4 - June 9","6/4/2020 0:00","6/9/2020 0:00",44.7,41.2,48.2,"41.2 - 48.2",NA,"Anxiety or Depressive"
"Symptoms of Anxiety Disorder or Depressive Disorder","By Education","United States","High school diploma or GED","1",6,"June 4 - June 9","6/4/2020 0:00","6/9/2020 0:00",36.8,34.7,38.8,"34.7 - 38.8",NA,"Anxiety or Depressive"
"Symptoms of Anxiety Disorder or Depressive Disorder","By Education","United States","Some college/Associate's degree","1",6,"June 4 - June 9","6/4/2020 0:00","6/9/2020 0:00",39.3,37.8,40.7,"37.8 - 40.7",NA,"Anxiety or Depressive"
"Symptoms of Anxiety Disorder or Depressive Disorder","By Education","United States","Bachelor's degree or higher","1",6,"June 4 - June 9","6/4/2020 0:00","6/9/2020 0:00",30.2,29.3,31.1,"29.3 - 31.1",NA,"Anxiety or Depressive"
"Symptoms of Depressive Disorder","By Education","United States","Less than a high school diploma","1",7,"June 11 - June 16","6/11/2020 0:00","6/16/2020 0:00",31.4,27.7,35.3,"27.7 - 35.3",NA,"Depressive"
"Symptoms of Depressive Disorder","By Education","United States","High school diploma or GED","1",7,"June 11 - June 16","6/11/2020 0:00","6/16/2020 0:00",27.5,25.6,29.5,"25.6 - 29.5",NA,"Depressive"
"Symptoms of Depressive Disorder","By Education","United States","Some college/Associate's degree","1",7,"June 11 - June 16","6/11/2020 0:00","6/16/2020 0:00",28.4,26.9,29.9,"26.9 - 29.9",NA,"Depressive"
"Symptoms of Depressive Disorder","By Education","United States","Bachelor's degree or higher","1",7,"June 11 - June 16","6/11/2020 0:00","6/16/2020 0:00",17.9,17,18.9,"17.0 - 18.9",NA,"Depressive"
"Symptoms of Anxiety Disorder","By Education","United States","Less than a high school diploma","1",7,"June 11 - June 16","6/11/2020 0:00","6/16/2020 0:00",37.7,33.6,41.9,"33.6 - 41.9",NA,"Anxiety"
"Symptoms of Anxiety Disorder","By Education","United States","High school diploma or GED","1",7,"June 11 - June 16","6/11/2020 0:00","6/16/2020 0:00",32.5,30.6,34.5,"30.6 - 34.5",NA,"Anxiety"
"Symptoms of Anxiety Disorder","By Education","United States","Some college/Associate's degree","1",7,"June 11 - June 16","6/11/2020 0:00","6/16/2020 0:00",34.5,33.1,36,"33.1 - 36.0",NA,"Anxiety"
"Symptoms of Anxiety Disorder","By Education","United States","Bachelor's degree or higher","1",7,"June 11 - June 16","6/11/2020 0:00","6/16/2020 0:00",26.6,25.7,27.6,"25.7 - 27.6",NA,"Anxiety"
"Symptoms of Anxiety Disorder or Depressive Disorder","By Education","United States","Less than a high school diploma","1",7,"June 11 - June 16","6/11/2020 0:00","6/16/2020 0:00",43.7,39.7,47.8,"39.7 - 47.8",NA,"Anxiety or Depressive"
"Symptoms of Anxiety Disorder or Depressive Disorder","By Education","United States","High school diploma or GED","1",7,"June 11 - June 16","6/11/2020 0:00","6/16/2020 0:00",37.4,35.3,39.5,"35.3 - 39.5",NA,"Anxiety or Depressive"
"Symptoms of Anxiety Disorder or Depressive Disorder","By Education","United States","Some college/Associate's degree","1",7,"June 11 - June 16","6/11/2020 0:00","6/16/2020 0:00",39.3,37.7,40.9,"37.7 - 40.9",NA,"Anxiety or Depressive"
"Symptoms of Anxiety Disorder or Depressive Disorder","By Education","United States","Bachelor's degree or higher","1",7,"June 11 - June 16","6/11/2020 0:00","6/16/2020 0:00",29.4,28.5,30.4,"28.5 - 30.4",NA,"Anxiety or Depressive"
"Symptoms of Depressive Disorder","By Education","United States","Less than a high school diploma","1",8,"June 18 - June 23","6/18/2020 0:00","6/23/2020 0:00",31.4,28,34.9,"28.0 - 34.9",NA,"Depressive"
"Symptoms of Depressive Disorder","By Education","United States","High school diploma or GED","1",8,"June 18 - June 23","6/18/2020 0:00","6/23/2020 0:00",28.8,27.3,30.3,"27.3 - 30.3",NA,"Depressive"
"Symptoms of Depressive Disorder","By Education","United States","Some college/Associate's degree","1",8,"June 18 - June 23","6/18/2020 0:00","6/23/2020 0:00",28.6,27.3,29.8,"27.3 - 29.8",NA,"Depressive"
"Symptoms of Depressive Disorder","By Education","United States","Bachelor's degree or higher","1",8,"June 18 - June 23","6/18/2020 0:00","6/23/2020 0:00",18.2,17.3,19,"17.3 - 19.0",NA,"Depressive"
"Symptoms of Anxiety Disorder","By Education","United States","Less than a high school diploma","1",8,"June 18 - June 23","6/18/2020 0:00","6/23/2020 0:00",36.6,33.3,39.9,"33.3 - 39.9",NA,"Anxiety"
"Symptoms of Anxiety Disorder","By Education","United States","High school diploma or GED","1",8,"June 18 - June 23","6/18/2020 0:00","6/23/2020 0:00",32.7,31.1,34.4,"31.1 - 34.4",NA,"Anxiety"
"Symptoms of Anxiety Disorder","By Education","United States","Some college/Associate's degree","1",8,"June 18 - June 23","6/18/2020 0:00","6/23/2020 0:00",33.7,32.1,35.2,"32.1 - 35.2",NA,"Anxiety"
"Symptoms of Anxiety Disorder","By Education","United States","Bachelor's degree or higher","1",8,"June 18 - June 23","6/18/2020 0:00","6/23/2020 0:00",26,25,27,"25.0 - 27.0",NA,"Anxiety"
"Symptoms of Anxiety Disorder or Depressive Disorder","By Education","United States","Less than a high school diploma","1",8,"June 18 - June 23","6/18/2020 0:00","6/23/2020 0:00",43.6,39.9,47.3,"39.9 - 47.3",NA,"Anxiety or Depressive"
"Symptoms of Anxiety Disorder or Depressive Disorder","By Education","United States","High school diploma or GED","1",8,"June 18 - June 23","6/18/2020 0:00","6/23/2020 0:00",38.1,36.5,39.6,"36.5 - 39.6",NA,"Anxiety or Depressive"
"Symptoms of Anxiety Disorder or Depressive Disorder","By Education","United States","Some college/Associate's degree","1",8,"June 18 - June 23","6/18/2020 0:00","6/23/2020 0:00",39.1,37.6,40.7,"37.6 - 40.7",NA,"Anxiety or Depressive"
"Symptoms of Anxiety Disorder or Depressive Disorder","By Education","United States","Bachelor's degree or higher","1",8,"June 18 - June 23","6/18/2020 0:00","6/23/2020 0:00",29.2,28.1,30.3,"28.1 - 30.3",NA,"Anxiety or Depressive"
"Symptoms of Depressive Disorder","By Education","United States","Less than a high school diploma","1",9,"June 25 - June 30","6/25/2020 0:00","6/30/2020 0:00",37.1,33.2,41.2,"33.2 - 41.2",NA,"Depressive"
"Symptoms of Depressive Disorder","By Education","United States","High school diploma or GED","1",9,"June 25 - June 30","6/25/2020 0:00","6/30/2020 0:00",28.7,27,30.5,"27.0 - 30.5",NA,"Depressive"
"Symptoms of Depressive Disorder","By Education","United States","Some college/Associate's degree","1",9,"June 25 - June 30","6/25/2020 0:00","6/30/2020 0:00",30,28.9,31,"28.9 - 31.0",NA,"Depressive"
"Symptoms of Depressive Disorder","By Education","United States","Bachelor's degree or higher","1",9,"June 25 - June 30","6/25/2020 0:00","6/30/2020 0:00",19.4,18.5,20.3,"18.5 - 20.3",NA,"Depressive"
"Symptoms of Anxiety Disorder","By Education","United States","Less than a high school diploma","1",9,"June 25 - June 30","6/25/2020 0:00","6/30/2020 0:00",41,37.1,44.9,"37.1 - 44.9",NA,"Anxiety"
"Symptoms of Anxiety Disorder","By Education","United States","High school diploma or GED","1",9,"June 25 - June 30","6/25/2020 0:00","6/30/2020 0:00",33.5,32.1,35,"32.1 - 35.0",NA,"Anxiety"
"Symptoms of Anxiety Disorder","By Education","United States","Some college/Associate's degree","1",9,"June 25 - June 30","6/25/2020 0:00","6/30/2020 0:00",36.4,35.4,37.3,"35.4 - 37.3",NA,"Anxiety"
"Symptoms of Anxiety Disorder","By Education","United States","Bachelor's degree or higher","1",9,"June 25 - June 30","6/25/2020 0:00","6/30/2020 0:00",26.9,25.9,27.9,"25.9 - 27.9",NA,"Anxiety"
"Symptoms of Anxiety Disorder or Depressive Disorder","By Education","United States","Less than a high school diploma","1",9,"June 25 - June 30","6/25/2020 0:00","6/30/2020 0:00",46.9,42.9,51,"42.9 - 51.0",NA,"Anxiety or Depressive"
"Symptoms of Anxiety Disorder or Depressive Disorder","By Education","United States","High school diploma or GED","1",9,"June 25 - June 30","6/25/2020 0:00","6/30/2020 0:00",38.7,37,40.5,"37.0 - 40.5",NA,"Anxiety or Depressive"
"Symptoms of Anxiety Disorder or Depressive Disorder","By Education","United States","Some college/Associate's degree","1",9,"June 25 - June 30","6/25/2020 0:00","6/30/2020 0:00",41.8,40.7,43,"40.7 - 43.0",NA,"Anxiety or Depressive"
"Symptoms of Anxiety Disorder or Depressive Disorder","By Education","United States","Bachelor's degree or higher","1",9,"June 25 - June 30","6/25/2020 0:00","6/30/2020 0:00",30.3,29.3,31.4,"29.3 - 31.4",NA,"Anxiety or Depressive"
"Symptoms of Depressive Disorder","By Education","United States","Less than a high school diploma","1",10,"July 2 - July 7","7/2/2020 0:00","7/7/2020 0:00",38.3,34.5,42.1,"34.5 - 42.1",NA,"Depressive"
"Symptoms of Depressive Disorder","By Education","United States","High school diploma or GED","1",10,"July 2 - July 7","7/2/2020 0:00","7/7/2020 0:00",29.1,28,30.3,"28.0 - 30.3",NA,"Depressive"
"Symptoms of Depressive Disorder","By Education","United States","Some college/Associate's degree","1",10,"July 2 - July 7","7/2/2020 0:00","7/7/2020 0:00",31.2,30.2,32.2,"30.2 - 32.2",NA,"Depressive"
"Symptoms of Depressive Disorder","By Education","United States","Bachelor's degree or higher","1",10,"July 2 - July 7","7/2/2020 0:00","7/7/2020 0:00",19.9,19.2,20.5,"19.2 - 20.5",NA,"Depressive"
"Symptoms of Anxiety Disorder","By Education","United States","Less than a high school diploma","1",10,"July 2 - July 7","7/2/2020 0:00","7/7/2020 0:00",40.7,37.4,44.2,"37.4 - 44.2",NA,"Anxiety"
"Symptoms of Anxiety Disorder","By Education","United States","High school diploma or GED","1",10,"July 2 - July 7","7/2/2020 0:00","7/7/2020 0:00",34.9,33.2,36.6,"33.2 - 36.6",NA,"Anxiety"
"Symptoms of Anxiety Disorder","By Education","United States","Some college/Associate's degree","1",10,"July 2 - July 7","7/2/2020 0:00","7/7/2020 0:00",37,35.8,38.2,"35.8 - 38.2",NA,"Anxiety"
"Symptoms of Anxiety Disorder","By Education","United States","Bachelor's degree or higher","1",10,"July 2 - July 7","7/2/2020 0:00","7/7/2020 0:00",28.3,27.6,29.1,"27.6 - 29.1",NA,"Anxiety"
"Symptoms of Anxiety Disorder or Depressive Disorder","By Education","United States","Less than a high school diploma","1",10,"July 2 - July 7","7/2/2020 0:00","7/7/2020 0:00",48.4,44.8,52,"44.8 - 52.0",NA,"Anxiety or Depressive"
"Symptoms of Anxiety Disorder or Depressive Disorder","By Education","United States","High school diploma or GED","1",10,"July 2 - July 7","7/2/2020 0:00","7/7/2020 0:00",40.7,39.3,42.2,"39.3 - 42.2",NA,"Anxiety or Depressive"
"Symptoms of Anxiety Disorder or Depressive Disorder","By Education","United States","Some college/Associate's degree","1",10,"July 2 - July 7","7/2/2020 0:00","7/7/2020 0:00",42.2,41,43.4,"41.0 - 43.4",NA,"Anxiety or Depressive"
"Symptoms of Anxiety Disorder or Depressive Disorder","By Education","United States","Bachelor's degree or higher","1",10,"July 2 - July 7","7/2/2020 0:00","7/7/2020 0:00",31.7,30.9,32.5,"30.9 - 32.5",NA,"Anxiety or Depressive"
"Symptoms of Depressive Disorder","By Education","United States","Less than a high school diploma","1",11,"July 9 - July 14","7/9/2020 0:00","7/14/2020 0:00",34.9,30.1,39.9,"30.1 - 39.9",NA,"Depressive"
"Symptoms of Depressive Disorder","By Education","United States","High school diploma or GED","1",11,"July 9 - July 14","7/9/2020 0:00","7/14/2020 0:00",28.6,27.1,30.1,"27.1 - 30.1",NA,"Depressive"
"Symptoms of Depressive Disorder","By Education","United States","Some college/Associate's degree","1",11,"July 9 - July 14","7/9/2020 0:00","7/14/2020 0:00",32.3,31,33.6,"31.0 - 33.6",NA,"Depressive"
"Symptoms of Depressive Disorder","By Education","United States","Bachelor's degree or higher","1",11,"July 9 - July 14","7/9/2020 0:00","7/14/2020 0:00",21.6,20.6,22.6,"20.6 - 22.6",NA,"Depressive"
"Symptoms of Anxiety Disorder","By Education","United States","Less than a high school diploma","1",11,"July 9 - July 14","7/9/2020 0:00","7/14/2020 0:00",44,38.4,49.6,"38.4 - 49.6",NA,"Anxiety"
"Symptoms of Anxiety Disorder","By Education","United States","High school diploma or GED","1",11,"July 9 - July 14","7/9/2020 0:00","7/14/2020 0:00",34.6,32.9,36.2,"32.9 - 36.2",NA,"Anxiety"
"Symptoms of Anxiety Disorder","By Education","United States","Some college/Associate's degree","1",11,"July 9 - July 14","7/9/2020 0:00","7/14/2020 0:00",39.3,38.1,40.6,"38.1 - 40.6",NA,"Anxiety"
"Symptoms of Anxiety Disorder","By Education","United States","Bachelor's degree or higher","1",11,"July 9 - July 14","7/9/2020 0:00","7/14/2020 0:00",30.6,29.7,31.5,"29.7 - 31.5",NA,"Anxiety"
"Symptoms of Anxiety Disorder or Depressive Disorder","By Education","United States","Less than a high school diploma","1",11,"July 9 - July 14","7/9/2020 0:00","7/14/2020 0:00",49.2,43.7,54.7,"43.7 - 54.7",NA,"Anxiety or Depressive"
"Symptoms of Anxiety Disorder or Depressive Disorder","By Education","United States","High school diploma or GED","1",11,"July 9 - July 14","7/9/2020 0:00","7/14/2020 0:00",39.4,37.7,41.1,"37.7 - 41.1",NA,"Anxiety or Depressive"
"Symptoms of Anxiety Disorder or Depressive Disorder","By Education","United States","Some college/Associate's degree","1",11,"July 9 - July 14","7/9/2020 0:00","7/14/2020 0:00",44.6,43.3,46,"43.3 - 46.0",NA,"Anxiety or Depressive"
"Symptoms of Anxiety Disorder or Depressive Disorder","By Education","United States","Bachelor's degree or higher","1",11,"July 9 - July 14","7/9/2020 0:00","7/14/2020 0:00",34.4,33.4,35.3,"33.4 - 35.3",NA,"Anxiety or Depressive"
"Symptoms of Depressive Disorder","By Education","United States","Less than a high school diploma","1",12,"July 16 - July 21","7/16/2020 0:00","7/21/2020 0:00",38.4,34.1,42.8,"34.1 - 42.8",NA,"Depressive"
"Symptoms of Depressive Disorder","By Education","United States","High school diploma or GED","1",12,"July 16 - July 21","7/16/2020 0:00","7/21/2020 0:00",31.4,29.6,33.2,"29.6 - 33.2",NA,"Depressive"
"Symptoms of Depressive Disorder","By Education","United States","Some college/Associate's degree","1",12,"July 16 - July 21","7/16/2020 0:00","7/21/2020 0:00",33,31.6,34.4,"31.6 - 34.4",NA,"Depressive"
"Symptoms of Depressive Disorder","By Education","United States","Bachelor's degree or higher","1",12,"July 16 - July 21","7/16/2020 0:00","7/21/2020 0:00",22.2,21.2,23.3,"21.2 - 23.3",NA,"Depressive"
"Symptoms of Anxiety Disorder","By Education","United States","Less than a high school diploma","1",12,"July 16 - July 21","7/16/2020 0:00","7/21/2020 0:00",42,38.4,45.6,"38.4 - 45.6",NA,"Anxiety"
"Symptoms of Anxiety Disorder","By Education","United States","High school diploma or GED","1",12,"July 16 - July 21","7/16/2020 0:00","7/21/2020 0:00",36.4,34.5,38.3,"34.5 - 38.3",NA,"Anxiety"
"Symptoms of Anxiety Disorder","By Education","United States","Some college/Associate's degree","1",12,"July 16 - July 21","7/16/2020 0:00","7/21/2020 0:00",38.1,36.9,39.2,"36.9 - 39.2",NA,"Anxiety"
"Symptoms of Anxiety Disorder","By Education","United States","Bachelor's degree or higher","1",12,"July 16 - July 21","7/16/2020 0:00","7/21/2020 0:00",32.2,31.1,33.2,"31.1 - 33.2",NA,"Anxiety"
"Symptoms of Anxiety Disorder or Depressive Disorder","By Education","United States","Less than a high school diploma","1",12,"July 16 - July 21","7/16/2020 0:00","7/21/2020 0:00",47.3,43.3,51.4,"43.3 - 51.4",NA,"Anxiety or Depressive"
"Symptoms of Anxiety Disorder or Depressive Disorder","By Education","United States","High school diploma or GED","1",12,"July 16 - July 21","7/16/2020 0:00","7/21/2020 0:00",42.2,40.3,44.2,"40.3 - 44.2",NA,"Anxiety or Depressive"
"Symptoms of Anxiety Disorder or Depressive Disorder","By Education","United States","Some college/Associate's degree","1",12,"July 16 - July 21","7/16/2020 0:00","7/21/2020 0:00",43.3,42,44.5,"42.0 - 44.5",NA,"Anxiety or Depressive"
"Symptoms of Anxiety Disorder or Depressive Disorder","By Education","United States","Bachelor's degree or higher","1",12,"July 16 - July 21","7/16/2020 0:00","7/21/2020 0:00",35.7,34.6,36.8,"34.6 - 36.8",NA,"Anxiety or Depressive"
"Symptoms of Depressive Disorder","By Education","United States","Less than a high school diploma","2",13,"Aug 19 - Aug 31","8/19/2020 0:00","8/31/2020 0:00",29.1,26,32.3,"26.0 - 32.3",NA,"Depressive"
"Symptoms of Depressive Disorder","By Education","United States","High school diploma or GED","2",13,"Aug 19 - Aug 31","8/19/2020 0:00","8/31/2020 0:00",27,25.8,28.2,"25.8 - 28.2",NA,"Depressive"
"Symptoms of Depressive Disorder","By Education","United States","Some college/Associate's degree","2",13,"Aug 19 - Aug 31","8/19/2020 0:00","8/31/2020 0:00",27.2,26.4,28,"26.4 - 28.0",NA,"Depressive"
"Symptoms of Depressive Disorder","By Education","United States","Bachelor's degree or higher","2",13,"Aug 19 - Aug 31","8/19/2020 0:00","8/31/2020 0:00",18.6,18.1,19.2,"18.1 - 19.2",NA,"Depressive"
"Symptoms of Anxiety Disorder","By Education","United States","Less than a high school diploma","2",13,"Aug 19 - Aug 31","8/19/2020 0:00","8/31/2020 0:00",35.4,32.1,38.8,"32.1 - 38.8",NA,"Anxiety"
"Symptoms of Anxiety Disorder","By Education","United States","High school diploma or GED","2",13,"Aug 19 - Aug 31","8/19/2020 0:00","8/31/2020 0:00",30.1,28.8,31.3,"28.8 - 31.3",NA,"Anxiety"
"Symptoms of Anxiety Disorder","By Education","United States","Some college/Associate's degree","2",13,"Aug 19 - Aug 31","8/19/2020 0:00","8/31/2020 0:00",34.2,33.3,35,"33.3 - 35.0",NA,"Anxiety"
"Symptoms of Anxiety Disorder","By Education","United States","Bachelor's degree or higher","2",13,"Aug 19 - Aug 31","8/19/2020 0:00","8/31/2020 0:00",29.1,28.5,29.7,"28.5 - 29.7",NA,"Anxiety"
"Symptoms of Anxiety Disorder or Depressive Disorder","By Education","United States","Less than a high school diploma","2",13,"Aug 19 - Aug 31","8/19/2020 0:00","8/31/2020 0:00",41.8,38.4,45.2,"38.4 - 45.2",NA,"Anxiety or Depressive"
"Symptoms of Anxiety Disorder or Depressive Disorder","By Education","United States","High school diploma or GED","2",13,"Aug 19 - Aug 31","8/19/2020 0:00","8/31/2020 0:00",36.3,35,37.7,"35.0 - 37.7",NA,"Anxiety or Depressive"
"Symptoms of Anxiety Disorder or Depressive Disorder","By Education","United States","Some college/Associate's degree","2",13,"Aug 19 - Aug 31","8/19/2020 0:00","8/31/2020 0:00",39.4,38.5,40.3,"38.5 - 40.3",NA,"Anxiety or Depressive"
"Symptoms of Anxiety Disorder or Depressive Disorder","By Education","United States","Bachelor's degree or higher","2",13,"Aug 19 - Aug 31","8/19/2020 0:00","8/31/2020 0:00",32.4,31.7,33,"31.7 - 33.0",NA,"Anxiety or Depressive"
"Symptoms of Depressive Disorder","By Education","United States","Less than a high school diploma","2",14,"Sep 2 - Sep 14","9/2/2020 0:00","9/14/2020 0:00",33,29,37.1,"29.0 - 37.1",NA,"Depressive"
"Symptoms of Depressive Disorder","By Education","United States","High school diploma or GED","2",14,"Sep 2 - Sep 14","9/2/2020 0:00","9/14/2020 0:00",25.7,24.2,27.1,"24.2 - 27.1",NA,"Depressive"
"Symptoms of Depressive Disorder","By Education","United States","Some college/Associate's degree","2",14,"Sep 2 - Sep 14","9/2/2020 0:00","9/14/2020 0:00",27.5,26.6,28.4,"26.6 - 28.4",NA,"Depressive"
"Symptoms of Depressive Disorder","By Education","United States","Bachelor's degree or higher","2",14,"Sep 2 - Sep 14","9/2/2020 0:00","9/14/2020 0:00",18.4,17.9,19,"17.9 - 19.0",NA,"Depressive"
"Symptoms of Anxiety Disorder","By Education","United States","Less than a high school diploma","2",14,"Sep 2 - Sep 14","9/2/2020 0:00","9/14/2020 0:00",38.9,34.7,43.3,"34.7 - 43.3",NA,"Anxiety"
"Symptoms of Anxiety Disorder","By Education","United States","High school diploma or GED","2",14,"Sep 2 - Sep 14","9/2/2020 0:00","9/14/2020 0:00",30.6,29.3,32,"29.3 - 32.0",NA,"Anxiety"
"Symptoms of Anxiety Disorder","By Education","United States","Some college/Associate's degree","2",14,"Sep 2 - Sep 14","9/2/2020 0:00","9/14/2020 0:00",33.8,33,34.6,"33.0 - 34.6",NA,"Anxiety"
"Symptoms of Anxiety Disorder","By Education","United States","Bachelor's degree or higher","2",14,"Sep 2 - Sep 14","9/2/2020 0:00","9/14/2020 0:00",28.5,27.9,29.2,"27.9 - 29.2",NA,"Anxiety"
"Symptoms of Anxiety Disorder or Depressive Disorder","By Education","United States","Less than a high school diploma","2",14,"Sep 2 - Sep 14","9/2/2020 0:00","9/14/2020 0:00",45.5,41.1,50,"41.1 - 50.0",NA,"Anxiety or Depressive"
"Symptoms of Anxiety Disorder or Depressive Disorder","By Education","United States","High school diploma or GED","2",14,"Sep 2 - Sep 14","9/2/2020 0:00","9/14/2020 0:00",35.7,34,37.4,"34.0 - 37.4",NA,"Anxiety or Depressive"
"Symptoms of Anxiety Disorder or Depressive Disorder","By Education","United States","Some college/Associate's degree","2",14,"Sep 2 - Sep 14","9/2/2020 0:00","9/14/2020 0:00",39,38,39.9,"38.0 - 39.9",NA,"Anxiety or Depressive"
"Symptoms of Anxiety Disorder or Depressive Disorder","By Education","United States","Bachelor's degree or higher","2",14,"Sep 2 - Sep 14","9/2/2020 0:00","9/14/2020 0:00",31.8,31.1,32.5,"31.1 - 32.5",NA,"Anxiety or Depressive"
"Symptoms of Depressive Disorder","By Education","United States","Less than a high school diploma","2",15,"Sep 16 - Sep 28","9/16/2020 0:00","9/28/2020 0:00",34.4,30.3,38.7,"30.3 - 38.7",NA,"Depressive"
"Symptoms of Depressive Disorder","By Education","United States","High school diploma or GED","2",15,"Sep 16 - Sep 28","9/16/2020 0:00","9/28/2020 0:00",25.7,24.4,27.1,"24.4 - 27.1",NA,"Depressive"
"Symptoms of Depressive Disorder","By Education","United States","Some college/Associate's degree","2",15,"Sep 16 - Sep 28","9/16/2020 0:00","9/28/2020 0:00",27.4,26.4,28.4,"26.4 - 28.4",NA,"Depressive"
"Symptoms of Depressive Disorder","By Education","United States","Bachelor's degree or higher","2",15,"Sep 16 - Sep 28","9/16/2020 0:00","9/28/2020 0:00",19.9,19.3,20.5,"19.3 - 20.5",NA,"Depressive"
"Symptoms of Anxiety Disorder","By Education","United States","Less than a high school diploma","2",15,"Sep 16 - Sep 28","9/16/2020 0:00","9/28/2020 0:00",39.2,34.9,43.7,"34.9 - 43.7",NA,"Anxiety"
"Symptoms of Anxiety Disorder","By Education","United States","High school diploma or GED","2",15,"Sep 16 - Sep 28","9/16/2020 0:00","9/28/2020 0:00",31.1,29.8,32.5,"29.8 - 32.5",NA,"Anxiety"
"Symptoms of Anxiety Disorder","By Education","United States","Some college/Associate's degree","2",15,"Sep 16 - Sep 28","9/16/2020 0:00","9/28/2020 0:00",34.6,33.7,35.5,"33.7 - 35.5",NA,"Anxiety"
"Symptoms of Anxiety Disorder","By Education","United States","Bachelor's degree or higher","2",15,"Sep 16 - Sep 28","9/16/2020 0:00","9/28/2020 0:00",30.3,29.7,31,"29.7 - 31.0",NA,"Anxiety"
"Symptoms of Anxiety Disorder or Depressive Disorder","By Education","United States","Less than a high school diploma","2",15,"Sep 16 - Sep 28","9/16/2020 0:00","9/28/2020 0:00",44.6,40.1,49.1,"40.1 - 49.1",NA,"Anxiety or Depressive"
"Symptoms of Anxiety Disorder or Depressive Disorder","By Education","United States","High school diploma or GED","2",15,"Sep 16 - Sep 28","9/16/2020 0:00","9/28/2020 0:00",36.7,35.2,38.2,"35.2 - 38.2",NA,"Anxiety or Depressive"
"Symptoms of Anxiety Disorder or Depressive Disorder","By Education","United States","Some college/Associate's degree","2",15,"Sep 16 - Sep 28","9/16/2020 0:00","9/28/2020 0:00",39.7,38.8,40.6,"38.8 - 40.6",NA,"Anxiety or Depressive"
"Symptoms of Anxiety Disorder or Depressive Disorder","By Education","United States","Bachelor's degree or higher","2",15,"Sep 16 - Sep 28","9/16/2020 0:00","9/28/2020 0:00",33.6,32.9,34.3,"32.9 - 34.3",NA,"Anxiety or Depressive"
"Symptoms of Depressive Disorder","By Education","United States","Less than a high school diploma","2",16,"Sep 30 - Oct 12","9/30/2020 0:00","10/12/2020 0:00",32,27.9,36.3,"27.9 - 36.3",NA,"Depressive"
"Symptoms of Depressive Disorder","By Education","United States","High school diploma or GED","2",16,"Sep 30 - Oct 12","9/30/2020 0:00","10/12/2020 0:00",26.9,25.5,28.4,"25.5 - 28.4",NA,"Depressive"
"Symptoms of Depressive Disorder","By Education","United States","Some college/Associate's degree","2",16,"Sep 30 - Oct 12","9/30/2020 0:00","10/12/2020 0:00",29,28.1,30,"28.1 - 30.0",NA,"Depressive"
"Symptoms of Depressive Disorder","By Education","United States","Bachelor's degree or higher","2",16,"Sep 30 - Oct 12","9/30/2020 0:00","10/12/2020 0:00",19.1,18.6,19.6,"18.6 - 19.6",NA,"Depressive"
"Symptoms of Anxiety Disorder","By Education","United States","Less than a high school diploma","2",16,"Sep 30 - Oct 12","9/30/2020 0:00","10/12/2020 0:00",37.8,33.6,42.2,"33.6 - 42.2",NA,"Anxiety"
"Symptoms of Anxiety Disorder","By Education","United States","High school diploma or GED","2",16,"Sep 30 - Oct 12","9/30/2020 0:00","10/12/2020 0:00",30.8,29.1,32.6,"29.1 - 32.6",NA,"Anxiety"
"Symptoms of Anxiety Disorder","By Education","United States","Some college/Associate's degree","2",16,"Sep 30 - Oct 12","9/30/2020 0:00","10/12/2020 0:00",35.2,34.1,36.4,"34.1 - 36.4",NA,"Anxiety"
"Symptoms of Anxiety Disorder","By Education","United States","Bachelor's degree or higher","2",16,"Sep 30 - Oct 12","9/30/2020 0:00","10/12/2020 0:00",29.9,29.1,30.6,"29.1 - 30.6",NA,"Anxiety"
"Symptoms of Anxiety Disorder or Depressive Disorder","By Education","United States","Less than a high school diploma","2",16,"Sep 30 - Oct 12","9/30/2020 0:00","10/12/2020 0:00",43.2,39,47.5,"39.0 - 47.5",NA,"Anxiety or Depressive"
"Symptoms of Anxiety Disorder or Depressive Disorder","By Education","United States","High school diploma or GED","2",16,"Sep 30 - Oct 12","9/30/2020 0:00","10/12/2020 0:00",37.1,35.5,38.8,"35.5 - 38.8",NA,"Anxiety or Depressive"
"Symptoms of Anxiety Disorder or Depressive Disorder","By Education","United States","Some college/Associate's degree","2",16,"Sep 30 - Oct 12","9/30/2020 0:00","10/12/2020 0:00",40.9,39.8,42,"39.8 - 42.0",NA,"Anxiety or Depressive"
"Symptoms of Anxiety Disorder or Depressive Disorder","By Education","United States","Bachelor's degree or higher","2",16,"Sep 30 - Oct 12","9/30/2020 0:00","10/12/2020 0:00",33.3,32.5,34,"32.5 - 34.0",NA,"Anxiety or Depressive"
"Symptoms of Depressive Disorder","By Education","United States","Less than a high school diploma","2",17,"Oct 14 - Oct 26","10/14/2020 0:00","10/26/2020 0:00",33.4,29,38.1,"29.0 - 38.1",NA,"Depressive"
"Symptoms of Depressive Disorder","By Education","United States","High school diploma or GED","2",17,"Oct 14 - Oct 26","10/14/2020 0:00","10/26/2020 0:00",27.4,26,28.7,"26.0 - 28.7",NA,"Depressive"
"Symptoms of Depressive Disorder","By Education","United States","Some college/Associate's degree","2",17,"Oct 14 - Oct 26","10/14/2020 0:00","10/26/2020 0:00",29.6,28.6,30.7,"28.6 - 30.7",NA,"Depressive"
"Symptoms of Depressive Disorder","By Education","United States","Bachelor's degree or higher","2",17,"Oct 14 - Oct 26","10/14/2020 0:00","10/26/2020 0:00",19.8,19.2,20.4,"19.2 - 20.4",NA,"Depressive"
"Symptoms of Anxiety Disorder","By Education","United States","Less than a high school diploma","2",17,"Oct 14 - Oct 26","10/14/2020 0:00","10/26/2020 0:00",37,32.1,42,"32.1 - 42.0",NA,"Anxiety"
"Symptoms of Anxiety Disorder","By Education","United States","High school diploma or GED","2",17,"Oct 14 - Oct 26","10/14/2020 0:00","10/26/2020 0:00",31,29.3,32.6,"29.3 - 32.6",NA,"Anxiety"
"Symptoms of Anxiety Disorder","By Education","United States","Some college/Associate's degree","2",17,"Oct 14 - Oct 26","10/14/2020 0:00","10/26/2020 0:00",36.4,35.3,37.6,"35.3 - 37.6",NA,"Anxiety"
"Symptoms of Anxiety Disorder","By Education","United States","Bachelor's degree or higher","2",17,"Oct 14 - Oct 26","10/14/2020 0:00","10/26/2020 0:00",30.3,29.5,31,"29.5 - 31.0",NA,"Anxiety"
"Symptoms of Anxiety Disorder or Depressive Disorder","By Education","United States","Less than a high school diploma","2",17,"Oct 14 - Oct 26","10/14/2020 0:00","10/26/2020 0:00",42.3,37.3,47.5,"37.3 - 47.5",NA,"Anxiety or Depressive"
"Symptoms of Anxiety Disorder or Depressive Disorder","By Education","United States","High school diploma or GED","2",17,"Oct 14 - Oct 26","10/14/2020 0:00","10/26/2020 0:00",37.1,35.5,38.9,"35.5 - 38.9",NA,"Anxiety or Depressive"
"Symptoms of Anxiety Disorder or Depressive Disorder","By Education","United States","Some college/Associate's degree","2",17,"Oct 14 - Oct 26","10/14/2020 0:00","10/26/2020 0:00",41.9,40.6,43.2,"40.6 - 43.2",NA,"Anxiety or Depressive"
"Symptoms of Anxiety Disorder or Depressive Disorder","By Education","United States","Bachelor's degree or higher","2",17,"Oct 14 - Oct 26","10/14/2020 0:00","10/26/2020 0:00",33.7,32.9,34.4,"32.9 - 34.4",NA,"Anxiety or Depressive"
"Symptoms of Depressive Disorder","By Education","United States","Less than a high school diploma","3 (Oct 28 � Dec 21)",18,"Oct 28 - Nov 9","10/28/2020 0:00","11/9/2020 0:00",34.8,29.3,40.5,"29.3 - 40.5",NA,"Depressive"
"Symptoms of Depressive Disorder","By Education","United States","High school diploma or GED","3 (Oct 28 � Dec 21)",18,"Oct 28 - Nov 9","10/28/2020 0:00","11/9/2020 0:00",30.6,28.5,32.8,"28.5 - 32.8",NA,"Depressive"
"Symptoms of Depressive Disorder","By Education","United States","Some college/Associate's degree","3 (Oct 28 � Dec 21)",18,"Oct 28 - Nov 9","10/28/2020 0:00","11/9/2020 0:00",31.3,30,32.6,"30.0 - 32.6",NA,"Depressive"
"Symptoms of Depressive Disorder","By Education","United States","Bachelor's degree or higher","3 (Oct 28 � Dec 21)",18,"Oct 28 - Nov 9","10/28/2020 0:00","11/9/2020 0:00",20.2,19.5,21,"19.5 - 21.0",NA,"Depressive"
"Symptoms of Anxiety Disorder","By Education","United States","Less than a high school diploma","3 (Oct 28 � Dec 21)",18,"Oct 28 - Nov 9","10/28/2020 0:00","11/9/2020 0:00",36.2,30.9,41.7,"30.9 - 41.7",NA,"Anxiety"
"Symptoms of Anxiety Disorder","By Education","United States","High school diploma or GED","3 (Oct 28 � Dec 21)",18,"Oct 28 - Nov 9","10/28/2020 0:00","11/9/2020 0:00",35.3,33.6,37,"33.6 - 37.0",NA,"Anxiety"
"Symptoms of Anxiety Disorder","By Education","United States","Some college/Associate's degree","3 (Oct 28 � Dec 21)",18,"Oct 28 - Nov 9","10/28/2020 0:00","11/9/2020 0:00",39.3,37.9,40.7,"37.9 - 40.7",NA,"Anxiety"
"Symptoms of Anxiety Disorder","By Education","United States","Bachelor's degree or higher","3 (Oct 28 � Dec 21)",18,"Oct 28 - Nov 9","10/28/2020 0:00","11/9/2020 0:00",34.5,33.6,35.5,"33.6 - 35.5",NA,"Anxiety"
"Symptoms of Anxiety Disorder or Depressive Disorder","By Education","United States","Less than a high school diploma","3 (Oct 28 � Dec 21)",18,"Oct 28 - Nov 9","10/28/2020 0:00","11/9/2020 0:00",43.7,37.9,49.5,"37.9 - 49.5",NA,"Anxiety or Depressive"
"Symptoms of Anxiety Disorder or Depressive Disorder","By Education","United States","High school diploma or GED","3 (Oct 28 � Dec 21)",18,"Oct 28 - Nov 9","10/28/2020 0:00","11/9/2020 0:00",42,40.2,43.8,"40.2 - 43.8",NA,"Anxiety or Depressive"
"Symptoms of Anxiety Disorder or Depressive Disorder","By Education","United States","Some college/Associate's degree","3 (Oct 28 � Dec 21)",18,"Oct 28 - Nov 9","10/28/2020 0:00","11/9/2020 0:00",44.6,43.3,45.9,"43.3 - 45.9",NA,"Anxiety or Depressive"
"Symptoms of Anxiety Disorder or Depressive Disorder","By Education","United States","Bachelor's degree or higher","3 (Oct 28 � Dec 21)",18,"Oct 28 - Nov 9","10/28/2020 0:00","11/9/2020 0:00",37.3,36.4,38.3,"36.4 - 38.3",NA,"Anxiety or Depressive"
"Symptoms of Depressive Disorder","By Education","United States","Less than a high school diploma","3 (Oct 28 � Dec 21)",19,"Nov 11 - Nov 23","11/11/2020 0:00","11/23/2020 0:00",37.7,32.8,42.9,"32.8 - 42.9",NA,"Depressive"
"Symptoms of Depressive Disorder","By Education","United States","High school diploma or GED","3 (Oct 28 � Dec 21)",19,"Nov 11 - Nov 23","11/11/2020 0:00","11/23/2020 0:00",30.3,28.7,32,"28.7 - 32.0",NA,"Depressive"
"Symptoms of Depressive Disorder","By Education","United States","Some college/Associate's degree","3 (Oct 28 � Dec 21)",19,"Nov 11 - Nov 23","11/11/2020 0:00","11/23/2020 0:00",32,30.7,33.3,"30.7 - 33.3",NA,"Depressive"
"Symptoms of Depressive Disorder","By Education","United States","Bachelor's degree or higher","3 (Oct 28 � Dec 21)",19,"Nov 11 - Nov 23","11/11/2020 0:00","11/23/2020 0:00",22,21.2,22.8,"21.2 - 22.8",NA,"Depressive"
"Symptoms of Anxiety Disorder","By Education","United States","Less than a high school diploma","3 (Oct 28 � Dec 21)",19,"Nov 11 - Nov 23","11/11/2020 0:00","11/23/2020 0:00",43.1,37.8,48.5,"37.8 - 48.5",NA,"Anxiety"
"Symptoms of Anxiety Disorder","By Education","United States","High school diploma or GED","3 (Oct 28 � Dec 21)",19,"Nov 11 - Nov 23","11/11/2020 0:00","11/23/2020 0:00",36.7,34.4,39,"34.4 - 39.0",NA,"Anxiety"
"Symptoms of Anxiety Disorder","By Education","United States","Some college/Associate's degree","3 (Oct 28 � Dec 21)",19,"Nov 11 - Nov 23","11/11/2020 0:00","11/23/2020 0:00",40.2,38.9,41.6,"38.9 - 41.6",NA,"Anxiety"
"Symptoms of Anxiety Disorder","By Education","United States","Bachelor's degree or higher","3 (Oct 28 � Dec 21)",19,"Nov 11 - Nov 23","11/11/2020 0:00","11/23/2020 0:00",33.8,32.9,34.6,"32.9 - 34.6",NA,"Anxiety"
"Symptoms of Anxiety Disorder or Depressive Disorder","By Education","United States","Less than a high school diploma","3 (Oct 28 � Dec 21)",19,"Nov 11 - Nov 23","11/11/2020 0:00","11/23/2020 0:00",51,45.3,56.7,"45.3 - 56.7",NA,"Anxiety or Depressive"
"Symptoms of Anxiety Disorder or Depressive Disorder","By Education","United States","High school diploma or GED","3 (Oct 28 � Dec 21)",19,"Nov 11 - Nov 23","11/11/2020 0:00","11/23/2020 0:00",43,41,45,"41.0 - 45.0",NA,"Anxiety or Depressive"
"Symptoms of Anxiety Disorder or Depressive Disorder","By Education","United States","Some college/Associate's degree","3 (Oct 28 � Dec 21)",19,"Nov 11 - Nov 23","11/11/2020 0:00","11/23/2020 0:00",45.9,44.7,47.2,"44.7 - 47.2",NA,"Anxiety or Depressive"
"Symptoms of Anxiety Disorder or Depressive Disorder","By Education","United States","Bachelor's degree or higher","3 (Oct 28 � Dec 21)",19,"Nov 11 - Nov 23","11/11/2020 0:00","11/23/2020 0:00",37.5,36.7,38.3,"36.7 - 38.3",NA,"Anxiety or Depressive"
"Symptoms of Depressive Disorder","By Education","United States","Less than a high school diploma","3 (Oct 28 � Dec 21)",20,"Nov 25 - Dec 7","11/25/2020 0:00","12/7/2020 0:00",41.3,36.2,46.6,"36.2 - 46.6",NA,"Depressive"
"Symptoms of Depressive Disorder","By Education","United States","High school diploma or GED","3 (Oct 28 � Dec 21)",20,"Nov 25 - Dec 7","11/25/2020 0:00","12/7/2020 0:00",31.5,29.6,33.4,"29.6 - 33.4",NA,"Depressive"
"Symptoms of Depressive Disorder","By Education","United States","Some college/Associate's degree","3 (Oct 28 � Dec 21)",20,"Nov 25 - Dec 7","11/25/2020 0:00","12/7/2020 0:00",32.1,30.8,33.3,"30.8 - 33.3",NA,"Depressive"
"Symptoms of Depressive Disorder","By Education","United States","Bachelor's degree or higher","3 (Oct 28 � Dec 21)",20,"Nov 25 - Dec 7","11/25/2020 0:00","12/7/2020 0:00",21.1,20.4,21.8,"20.4 - 21.8",NA,"Depressive"
"Symptoms of Anxiety Disorder","By Education","United States","Less than a high school diploma","3 (Oct 28 � Dec 21)",20,"Nov 25 - Dec 7","11/25/2020 0:00","12/7/2020 0:00",46.9,42.1,51.8,"42.1 - 51.8",NA,"Anxiety"
"Symptoms of Anxiety Disorder","By Education","United States","High school diploma or GED","3 (Oct 28 � Dec 21)",20,"Nov 25 - Dec 7","11/25/2020 0:00","12/7/2020 0:00",35.2,33.4,37,"33.4 - 37.0",NA,"Anxiety"
"Symptoms of Anxiety Disorder","By Education","United States","Some college/Associate's degree","3 (Oct 28 � Dec 21)",20,"Nov 25 - Dec 7","11/25/2020 0:00","12/7/2020 0:00",40,38.9,41.2,"38.9 - 41.2",NA,"Anxiety"
"Symptoms of Anxiety Disorder","By Education","United States","Bachelor's degree or higher","3 (Oct 28 � Dec 21)",20,"Nov 25 - Dec 7","11/25/2020 0:00","12/7/2020 0:00",31.4,30.6,32.1,"30.6 - 32.1",NA,"Anxiety"
"Symptoms of Anxiety Disorder or Depressive Disorder","By Education","United States","Less than a high school diploma","3 (Oct 28 � Dec 21)",20,"Nov 25 - Dec 7","11/25/2020 0:00","12/7/2020 0:00",53,48.2,57.8,"48.2 - 57.8",NA,"Anxiety or Depressive"
"Symptoms of Anxiety Disorder or Depressive Disorder","By Education","United States","High school diploma or GED","3 (Oct 28 � Dec 21)",20,"Nov 25 - Dec 7","11/25/2020 0:00","12/7/2020 0:00",42.3,40.2,44.4,"40.2 - 44.4",NA,"Anxiety or Depressive"
"Symptoms of Anxiety Disorder or Depressive Disorder","By Education","United States","Some college/Associate's degree","3 (Oct 28 � Dec 21)",20,"Nov 25 - Dec 7","11/25/2020 0:00","12/7/2020 0:00",45,43.9,46.2,"43.9 - 46.2",NA,"Anxiety or Depressive"
"Symptoms of Anxiety Disorder or Depressive Disorder","By Education","United States","Bachelor's degree or higher","3 (Oct 28 � Dec 21)",20,"Nov 25 - Dec 7","11/25/2020 0:00","12/7/2020 0:00",35,34.2,35.8,"34.2 - 35.8",NA,"Anxiety or Depressive"
"Symptoms of Depressive Disorder","By Education","United States","Less than a high school diploma","3 (Oct 28 � Dec 21)",21,"Dec 9 - Dec 21","12/9/2020 0:00","12/21/2020 0:00",38.3,33.6,43.2,"33.6 - 43.2",NA,"Depressive"
"Symptoms of Depressive Disorder","By Education","United States","High school diploma or GED","3 (Oct 28 � Dec 21)",21,"Dec 9 - Dec 21","12/9/2020 0:00","12/21/2020 0:00",33.8,31.8,35.8,"31.8 - 35.8",NA,"Depressive"
"Symptoms of Depressive Disorder","By Education","United States","Some college/Associate's degree","3 (Oct 28 � Dec 21)",21,"Dec 9 - Dec 21","12/9/2020 0:00","12/21/2020 0:00",33.8,32.8,34.8,"32.8 - 34.8",NA,"Depressive"
"Symptoms of Depressive Disorder","By Education","United States","Bachelor's degree or higher","3 (Oct 28 � Dec 21)",21,"Dec 9 - Dec 21","12/9/2020 0:00","12/21/2020 0:00",22,21.3,22.7,"21.3 - 22.7",NA,"Depressive"
"Symptoms of Anxiety Disorder","By Education","United States","Less than a high school diploma","3 (Oct 28 � Dec 21)",21,"Dec 9 - Dec 21","12/9/2020 0:00","12/21/2020 0:00",42.7,37.6,47.8,"37.6 - 47.8",NA,"Anxiety"
"Symptoms of Anxiety Disorder","By Education","United States","High school diploma or GED","3 (Oct 28 � Dec 21)",21,"Dec 9 - Dec 21","12/9/2020 0:00","12/21/2020 0:00",38.1,36.2,40.1,"36.2 - 40.1",NA,"Anxiety"
"Symptoms of Anxiety Disorder","By Education","United States","Some college/Associate's degree","3 (Oct 28 � Dec 21)",21,"Dec 9 - Dec 21","12/9/2020 0:00","12/21/2020 0:00",40.1,39.1,41.1,"39.1 - 41.1",NA,"Anxiety"
"Symptoms of Anxiety Disorder","By Education","United States","Bachelor's degree or higher","3 (Oct 28 � Dec 21)",21,"Dec 9 - Dec 21","12/9/2020 0:00","12/21/2020 0:00",31.5,30.6,32.3,"30.6 - 32.3",NA,"Anxiety"
"Symptoms of Anxiety Disorder or Depressive Disorder","By Education","United States","Less than a high school diploma","3 (Oct 28 � Dec 21)",21,"Dec 9 - Dec 21","12/9/2020 0:00","12/21/2020 0:00",49.6,44.9,54.2,"44.9 - 54.2",NA,"Anxiety or Depressive"
"Symptoms of Anxiety Disorder or Depressive Disorder","By Education","United States","High school diploma or GED","3 (Oct 28 � Dec 21)",21,"Dec 9 - Dec 21","12/9/2020 0:00","12/21/2020 0:00",44.7,42.5,46.8,"42.5 - 46.8",NA,"Anxiety or Depressive"
"Symptoms of Anxiety Disorder or Depressive Disorder","By Education","United States","Some college/Associate's degree","3 (Oct 28 � Dec 21)",21,"Dec 9 - Dec 21","12/9/2020 0:00","12/21/2020 0:00",45.8,44.8,46.8,"44.8 - 46.8",NA,"Anxiety or Depressive"
"Symptoms of Anxiety Disorder or Depressive Disorder","By Education","United States","Bachelor's degree or higher","3 (Oct 28 � Dec 21)",21,"Dec 9 - Dec 21","12/9/2020 0:00","12/21/2020 0:00",35.6,34.8,36.5,"34.8 - 36.5",NA,"Anxiety or Depressive"
"Symptoms of Depressive Disorder","By Education","United States","Less than a high school diploma","3 (Jan 6 � Feb 1)",22,"Jan 6 - Jan 18","1/6/2021 0:00","1/18/2021 0:00",35.2,31.6,38.9,"31.6 - 38.9",NA,"Depressive"
"Symptoms of Depressive Disorder","By Education","United States","High school diploma or GED","3 (Jan 6 � Feb 1)",22,"Jan 6 - Jan 18","1/6/2021 0:00","1/18/2021 0:00",30.5,28.6,32.5,"28.6 - 32.5",NA,"Depressive"
"Symptoms of Depressive Disorder","By Education","United States","Some college/Associate's degree","3 (Jan 6 � Feb 1)",22,"Jan 6 - Jan 18","1/6/2021 0:00","1/18/2021 0:00",32.4,31.2,33.7,"31.2 - 33.7",NA,"Depressive"
"Symptoms of Depressive Disorder","By Education","United States","Bachelor's degree or higher","3 (Jan 6 � Feb 1)",22,"Jan 6 - Jan 18","1/6/2021 0:00","1/18/2021 0:00",21.1,20.4,21.9,"20.4 - 21.9",NA,"Depressive"
"Symptoms of Anxiety Disorder","By Education","United States","Less than a high school diploma","3 (Jan 6 � Feb 1)",22,"Jan 6 - Jan 18","1/6/2021 0:00","1/18/2021 0:00",42.9,38.2,47.7,"38.2 - 47.7",NA,"Anxiety"
"Symptoms of Anxiety Disorder","By Education","United States","High school diploma or GED","3 (Jan 6 � Feb 1)",22,"Jan 6 - Jan 18","1/6/2021 0:00","1/18/2021 0:00",34.7,32.9,36.5,"32.9 - 36.5",NA,"Anxiety"
"Symptoms of Anxiety Disorder","By Education","United States","Some college/Associate's degree","3 (Jan 6 � Feb 1)",22,"Jan 6 - Jan 18","1/6/2021 0:00","1/18/2021 0:00",38.8,37.5,40.2,"37.5 - 40.2",NA,"Anxiety"
"Symptoms of Anxiety Disorder","By Education","United States","Bachelor's degree or higher","3 (Jan 6 � Feb 1)",22,"Jan 6 - Jan 18","1/6/2021 0:00","1/18/2021 0:00",32.3,31.6,33.1,"31.6 - 33.1",NA,"Anxiety"
"Symptoms of Anxiety Disorder or Depressive Disorder","By Education","United States","Less than a high school diploma","3 (Jan 6 � Feb 1)",22,"Jan 6 - Jan 18","1/6/2021 0:00","1/18/2021 0:00",48.2,43.8,52.7,"43.8 - 52.7",NA,"Anxiety or Depressive"
"Symptoms of Anxiety Disorder or Depressive Disorder","By Education","United States","High school diploma or GED","3 (Jan 6 � Feb 1)",22,"Jan 6 - Jan 18","1/6/2021 0:00","1/18/2021 0:00",41.1,39.3,42.9,"39.3 - 42.9",NA,"Anxiety or Depressive"
"Symptoms of Anxiety Disorder or Depressive Disorder","By Education","United States","Some college/Associate's degree","3 (Jan 6 � Feb 1)",22,"Jan 6 - Jan 18","1/6/2021 0:00","1/18/2021 0:00",44.8,43.4,46.3,"43.4 - 46.3",NA,"Anxiety or Depressive"
"Symptoms of Anxiety Disorder or Depressive Disorder","By Education","United States","Bachelor's degree or higher","3 (Jan 6 � Feb 1)",22,"Jan 6 - Jan 18","1/6/2021 0:00","1/18/2021 0:00",35.9,35.1,36.8,"35.1 - 36.8",NA,"Anxiety or Depressive"
"Symptoms of Depressive Disorder","By Education","United States","Less than a high school diploma","3 (Jan 6 � Feb 1)",23,"Jan 20 - Feb 1","1/20/2021 0:00","2/1/2021 0:00",36.6,32.4,41,"32.4 - 41.0",NA,"Depressive"
"Symptoms of Depressive Disorder","By Education","United States","High school diploma or GED","3 (Jan 6 � Feb 1)",23,"Jan 20 - Feb 1","1/20/2021 0:00","2/1/2021 0:00",29.7,28.1,31.3,"28.1 - 31.3",NA,"Depressive"
"Symptoms of Depressive Disorder","By Education","United States","Some college/Associate's degree","3 (Jan 6 � Feb 1)",23,"Jan 20 - Feb 1","1/20/2021 0:00","2/1/2021 0:00",32.5,31.4,33.6,"31.4 - 33.6",NA,"Depressive"
"Symptoms of Depressive Disorder","By Education","United States","Bachelor's degree or higher","3 (Jan 6 � Feb 1)",23,"Jan 20 - Feb 1","1/20/2021 0:00","2/1/2021 0:00",21.5,20.9,22.2,"20.9 - 22.2",NA,"Depressive"
"Symptoms of Anxiety Disorder","By Education","United States","Less than a high school diploma","3 (Jan 6 � Feb 1)",23,"Jan 20 - Feb 1","1/20/2021 0:00","2/1/2021 0:00",43.2,39.3,47.1,"39.3 - 47.1",NA,"Anxiety"
"Symptoms of Anxiety Disorder","By Education","United States","High school diploma or GED","3 (Jan 6 � Feb 1)",23,"Jan 20 - Feb 1","1/20/2021 0:00","2/1/2021 0:00",34.9,33,36.7,"33.0 - 36.7",NA,"Anxiety"
"Symptoms of Anxiety Disorder","By Education","United States","Some college/Associate's degree","3 (Jan 6 � Feb 1)",23,"Jan 20 - Feb 1","1/20/2021 0:00","2/1/2021 0:00",40.7,39.6,41.8,"39.6 - 41.8",NA,"Anxiety"
"Symptoms of Anxiety Disorder","By Education","United States","Bachelor's degree or higher","3 (Jan 6 � Feb 1)",23,"Jan 20 - Feb 1","1/20/2021 0:00","2/1/2021 0:00",31.3,30.5,32,"30.5 - 32.0",NA,"Anxiety"
"Symptoms of Anxiety Disorder or Depressive Disorder","By Education","United States","Less than a high school diploma","3 (Jan 6 � Feb 1)",23,"Jan 20 - Feb 1","1/20/2021 0:00","2/1/2021 0:00",49.6,45.7,53.5,"45.7 - 53.5",NA,"Anxiety or Depressive"
"Symptoms of Anxiety Disorder or Depressive Disorder","By Education","United States","High school diploma or GED","3 (Jan 6 � Feb 1)",23,"Jan 20 - Feb 1","1/20/2021 0:00","2/1/2021 0:00",41.1,39.3,42.9,"39.3 - 42.9",NA,"Anxiety or Depressive"
"Symptoms of Anxiety Disorder or Depressive Disorder","By Education","United States","Some college/Associate's degree","3 (Jan 6 � Feb 1)",23,"Jan 20 - Feb 1","1/20/2021 0:00","2/1/2021 0:00",46.4,45.2,47.6,"45.2 - 47.6",NA,"Anxiety or Depressive"
"Symptoms of Anxiety Disorder or Depressive Disorder","By Education","United States","Bachelor's degree or higher","3 (Jan 6 � Feb 1)",23,"Jan 20 - Feb 1","1/20/2021 0:00","2/1/2021 0:00",35.5,34.7,36.3,"34.7 - 36.3",NA,"Anxiety or Depressive"
