Indicator,Group,State,Subgroup,Phase,TimePeriod,TimePeriodLabel,TimePeriodStartDate,TimePeriodEndDate,Value,LowCI,HighCI,ConfidenceInterval,QuartileRange
Symptoms of Depressive Disorder,By Race/Hispanic ethnicity,United States,Hispanic or Latino,1,1,Apr 23 - May 5,4/23/2020 0:00,5/5/2020 0:00,29.4,26.8,32.1,26.8 - 32.1,
Symptoms of Depressive Disorder,By Race/Hispanic ethnicity,United States,"Non-Hispanic white, single race",1,1,Apr 23 - May 5,4/23/2020 0:00,5/5/2020 0:00,21.4,20.6,22.1,20.6 - 22.1,
Symptoms of Depressive Disorder,By Race/Hispanic ethnicity,United States,"Non-Hispanic black, single race",1,1,Apr 23 - May 5,4/23/2020 0:00,5/5/2020 0:00,25.6,23.7,27.5,23.7 - 27.5,
Symptoms of Depressive Disorder,By Race/Hispanic ethnicity,United States,"Non-Hispanic Asian, single race",1,1,Apr 23 - May 5,4/23/2020 0:00,5/5/2020 0:00,23.6,20.3,27.1,20.3 - 27.1,
Symptoms of Depressive Disorder,By Race/Hispanic ethnicity,United States,"Non-Hispanic, other races and multiple races",1,1,Apr 23 - May 5,4/23/2020 0:00,5/5/2020 0:00,28.3,24.8,32,24.8 - 32.0,
Symptoms of Anxiety Disorder,By Race/Hispanic ethnicity,United States,Hispanic or Latino,1,1,Apr 23 - May 5,4/23/2020 0:00,5/5/2020 0:00,36.3,33.4,39.2,33.4 - 39.2,
Symptoms of Anxiety Disorder,By Race/Hispanic ethnicity,United States,"Non-Hispanic white, single race",1,1,Apr 23 - May 5,4/23/2020 0:00,5/5/2020 0:00,29,28.2,29.9,28.2 - 29.9,
Symptoms of Anxiety Disorder,By Race/Hispanic ethnicity,United States,"Non-Hispanic black, single race",1,1,Apr 23 - May 5,4/23/2020 0:00,5/5/2020 0:00,32.8,30.3,35.5,30.3 - 35.5,
Symptoms of Anxiety Disorder,By Race/Hispanic ethnicity,United States,"Non-Hispanic Asian, single race",1,1,Apr 23 - May 5,4/23/2020 0:00,5/5/2020 0:00,26.3,23.6,29.1,23.6 - 29.1,
Symptoms of Anxiety Disorder,By Race/Hispanic ethnicity,United States,"Non-Hispanic, other races and multiple races",1,1,Apr 23 - May 5,4/23/2020 0:00,5/5/2020 0:00,38.2,34.3,42.3,34.3 - 42.3,
Symptoms of Anxiety Disorder or Depressive Disorder,By Race/Hispanic ethnicity,United States,Hispanic or Latino,1,1,Apr 23 - May 5,4/23/2020 0:00,5/5/2020 0:00,42.7,39.7,45.7,39.7 - 45.7,
Symptoms of Anxiety Disorder or Depressive Disorder,By Race/Hispanic ethnicity,United States,"Non-Hispanic white, single race",1,1,Apr 23 - May 5,4/23/2020 0:00,5/5/2020 0:00,33.6,32.7,34.4,32.7 - 34.4,
Symptoms of Anxiety Disorder or Depressive Disorder,By Race/Hispanic ethnicity,United States,"Non-Hispanic black, single race",1,1,Apr 23 - May 5,4/23/2020 0:00,5/5/2020 0:00,38.9,36.4,41.4,36.4 - 41.4,
Symptoms of Anxiety Disorder or Depressive Disorder,By Race/Hispanic ethnicity,United States,"Non-Hispanic Asian, single race",1,1,Apr 23 - May 5,4/23/2020 0:00,5/5/2020 0:00,31.9,28.5,35.4,28.5 - 35.4,
Symptoms of Anxiety Disorder or Depressive Disorder,By Race/Hispanic ethnicity,United States,"Non-Hispanic, other races and multiple races",1,1,Apr 23 - May 5,4/23/2020 0:00,5/5/2020 0:00,43.9,39.8,48.1,39.8 - 48.1,
Symptoms of Depressive Disorder,By Race/Hispanic ethnicity,United States,Hispanic or Latino,1,2,May 7 - May 12,5/7/2020 0:00,5/12/2020 0:00,27.9,24.4,31.6,24.4 - 31.6,
Symptoms of Depressive Disorder,By Race/Hispanic ethnicity,United States,"Non-Hispanic white, single race",1,2,May 7 - May 12,5/7/2020 0:00,5/12/2020 0:00,22.5,21.6,23.4,21.6 - 23.4,
Symptoms of Depressive Disorder,By Race/Hispanic ethnicity,United States,"Non-Hispanic black, single race",1,2,May 7 - May 12,5/7/2020 0:00,5/12/2020 0:00,27.7,23.8,31.9,23.8 - 31.9,
Symptoms of Depressive Disorder,By Race/Hispanic ethnicity,United States,"Non-Hispanic Asian, single race",1,2,May 7 - May 12,5/7/2020 0:00,5/12/2020 0:00,19.5,15.4,24.3,15.4 - 24.3,
Symptoms of Depressive Disorder,By Race/Hispanic ethnicity,United States,"Non-Hispanic, other races and multiple races",1,2,May 7 - May 12,5/7/2020 0:00,5/12/2020 0:00,33,28.6,37.7,28.6 - 37.7,
Symptoms of Anxiety Disorder,By Race/Hispanic ethnicity,United States,Hispanic or Latino,1,2,May 7 - May 12,5/7/2020 0:00,5/12/2020 0:00,36.2,32.6,39.9,32.6 - 39.9,
Symptoms of Anxiety Disorder,By Race/Hispanic ethnicity,United States,"Non-Hispanic white, single race",1,2,May 7 - May 12,5/7/2020 0:00,5/12/2020 0:00,27.8,26.8,28.7,26.8 - 28.7,
Symptoms of Anxiety Disorder,By Race/Hispanic ethnicity,United States,"Non-Hispanic black, single race",1,2,May 7 - May 12,5/7/2020 0:00,5/12/2020 0:00,33,29.3,37,29.3 - 37.0,
Symptoms of Anxiety Disorder,By Race/Hispanic ethnicity,United States,"Non-Hispanic Asian, single race",1,2,May 7 - May 12,5/7/2020 0:00,5/12/2020 0:00,26.3,22.3,30.7,22.3 - 30.7,
Symptoms of Anxiety Disorder,By Race/Hispanic ethnicity,United States,"Non-Hispanic, other races and multiple races",1,2,May 7 - May 12,5/7/2020 0:00,5/12/2020 0:00,38.9,34.1,43.9,34.1 - 43.9,
Symptoms of Anxiety Disorder or Depressive Disorder,By Race/Hispanic ethnicity,United States,Hispanic or Latino,1,2,May 7 - May 12,5/7/2020 0:00,5/12/2020 0:00,40.3,36.6,44,36.6 - 44.0,
Symptoms of Anxiety Disorder or Depressive Disorder,By Race/Hispanic ethnicity,United States,"Non-Hispanic white, single race",1,2,May 7 - May 12,5/7/2020 0:00,5/12/2020 0:00,32,31.1,32.9,31.1 - 32.9,
Symptoms of Anxiety Disorder or Depressive Disorder,By Race/Hispanic ethnicity,United States,"Non-Hispanic black, single race",1,2,May 7 - May 12,5/7/2020 0:00,5/12/2020 0:00,38.8,34.2,43.5,34.2 - 43.5,
Symptoms of Anxiety Disorder or Depressive Disorder,By Race/Hispanic ethnicity,United States,"Non-Hispanic Asian, single race",1,2,May 7 - May 12,5/7/2020 0:00,5/12/2020 0:00,29.9,25.7,34.4,25.7 - 34.4,
Symptoms of Anxiety Disorder or Depressive Disorder,By Race/Hispanic ethnicity,United States,"Non-Hispanic, other races and multiple races",1,2,May 7 - May 12,5/7/2020 0:00,5/12/2020 0:00,45.9,41.1,50.7,41.1 - 50.7,
Symptoms of Depressive Disorder,By Race/Hispanic ethnicity,United States,Hispanic or Latino,1,3,May 14 - May 19,5/14/2020 0:00,5/19/2020 0:00,28.9,26.5,31.4,26.5 - 31.4,
Symptoms of Depressive Disorder,By Race/Hispanic ethnicity,United States,"Non-Hispanic white, single race",1,3,May 14 - May 19,5/14/2020 0:00,5/19/2020 0:00,22.7,22,23.5,22.0 - 23.5,
Symptoms of Depressive Disorder,By Race/Hispanic ethnicity,United States,"Non-Hispanic black, single race",1,3,May 14 - May 19,5/14/2020 0:00,5/19/2020 0:00,28.5,26.5,30.6,26.5 - 30.6,
Symptoms of Depressive Disorder,By Race/Hispanic ethnicity,United States,"Non-Hispanic Asian, single race",1,3,May 14 - May 19,5/14/2020 0:00,5/19/2020 0:00,20.9,17.8,24.2,17.8 - 24.2,
Symptoms of Depressive Disorder,By Race/Hispanic ethnicity,United States,"Non-Hispanic, other races and multiple races",1,3,May 14 - May 19,5/14/2020 0:00,5/19/2020 0:00,27.1,23.9,30.6,23.9 - 30.6,
Symptoms of Anxiety Disorder,By Race/Hispanic ethnicity,United States,Hispanic or Latino,1,3,May 14 - May 19,5/14/2020 0:00,5/19/2020 0:00,33.6,31.1,36.2,31.1 - 36.2,
Symptoms of Anxiety Disorder,By Race/Hispanic ethnicity,United States,"Non-Hispanic white, single race",1,3,May 14 - May 19,5/14/2020 0:00,5/19/2020 0:00,26.3,25.4,27.2,25.4 - 27.2,
Symptoms of Anxiety Disorder,By Race/Hispanic ethnicity,United States,"Non-Hispanic black, single race",1,3,May 14 - May 19,5/14/2020 0:00,5/19/2020 0:00,32.7,30.7,34.7,30.7 - 34.7,
Symptoms of Anxiety Disorder,By Race/Hispanic ethnicity,United States,"Non-Hispanic Asian, single race",1,3,May 14 - May 19,5/14/2020 0:00,5/19/2020 0:00,23.4,20.9,26.2,20.9 - 26.2,
Symptoms of Anxiety Disorder,By Race/Hispanic ethnicity,United States,"Non-Hispanic, other races and multiple races",1,3,May 14 - May 19,5/14/2020 0:00,5/19/2020 0:00,31.3,27.6,35.2,27.6 - 35.2,
Symptoms of Anxiety Disorder or Depressive Disorder,By Race/Hispanic ethnicity,United States,Hispanic or Latino,1,3,May 14 - May 19,5/14/2020 0:00,5/19/2020 0:00,40.7,38,43.4,38.0 - 43.4,
Symptoms of Anxiety Disorder or Depressive Disorder,By Race/Hispanic ethnicity,United States,"Non-Hispanic white, single race",1,3,May 14 - May 19,5/14/2020 0:00,5/19/2020 0:00,31.3,30.4,32.1,30.4 - 32.1,
Symptoms of Anxiety Disorder or Depressive Disorder,By Race/Hispanic ethnicity,United States,"Non-Hispanic black, single race",1,3,May 14 - May 19,5/14/2020 0:00,5/19/2020 0:00,39.4,37.2,41.6,37.2 - 41.6,
Symptoms of Anxiety Disorder or Depressive Disorder,By Race/Hispanic ethnicity,United States,"Non-Hispanic Asian, single race",1,3,May 14 - May 19,5/14/2020 0:00,5/19/2020 0:00,30.2,27.1,33.5,27.1 - 33.5,
Symptoms of Anxiety Disorder or Depressive Disorder,By Race/Hispanic ethnicity,United States,"Non-Hispanic, other races and multiple races",1,3,May 14 - May 19,5/14/2020 0:00,5/19/2020 0:00,37.2,33.3,41.2,33.3 - 41.2,
Symptoms of Depressive Disorder,By Race/Hispanic ethnicity,United States,Hispanic or Latino,1,4,May 21 - May 26,5/21/2020 0:00,5/26/2020 0:00,31.4,28.4,34.4,28.4 - 34.4,
Symptoms of Depressive Disorder,By Race/Hispanic ethnicity,United States,"Non-Hispanic white, single race",1,4,May 21 - May 26,5/21/2020 0:00,5/26/2020 0:00,23.3,22.4,24.2,22.4 - 24.2,
Symptoms of Depressive Disorder,By Race/Hispanic ethnicity,United States,"Non-Hispanic black, single race",1,4,May 21 - May 26,5/21/2020 0:00,5/26/2020 0:00,24.8,22.6,27,22.6 - 27.0,
Symptoms of Depressive Disorder,By Race/Hispanic ethnicity,United States,"Non-Hispanic Asian, single race",1,4,May 21 - May 26,5/21/2020 0:00,5/26/2020 0:00,19.5,17,22.2,17.0 - 22.2,
Symptoms of Depressive Disorder,By Race/Hispanic ethnicity,United States,"Non-Hispanic, other races and multiple races",1,4,May 21 - May 26,5/21/2020 0:00,5/26/2020 0:00,32.2,28.3,36.3,28.3 - 36.3,
Symptoms of Anxiety Disorder,By Race/Hispanic ethnicity,United States,Hispanic or Latino,1,4,May 21 - May 26,5/21/2020 0:00,5/26/2020 0:00,36.3,33.5,39.2,33.5 - 39.2,
Symptoms of Anxiety Disorder,By Race/Hispanic ethnicity,United States,"Non-Hispanic white, single race",1,4,May 21 - May 26,5/21/2020 0:00,5/26/2020 0:00,27.6,26.7,28.5,26.7 - 28.5,
Symptoms of Anxiety Disorder,By Race/Hispanic ethnicity,United States,"Non-Hispanic black, single race",1,4,May 21 - May 26,5/21/2020 0:00,5/26/2020 0:00,30.2,27.8,32.7,27.8 - 32.7,
Symptoms of Anxiety Disorder,By Race/Hispanic ethnicity,United States,"Non-Hispanic Asian, single race",1,4,May 21 - May 26,5/21/2020 0:00,5/26/2020 0:00,22.2,19.6,25,19.6 - 25.0,
Symptoms of Anxiety Disorder,By Race/Hispanic ethnicity,United States,"Non-Hispanic, other races and multiple races",1,4,May 21 - May 26,5/21/2020 0:00,5/26/2020 0:00,38.6,34.5,42.9,34.5 - 42.9,
Symptoms of Anxiety Disorder or Depressive Disorder,By Race/Hispanic ethnicity,United States,Hispanic or Latino,1,4,May 21 - May 26,5/21/2020 0:00,5/26/2020 0:00,41.5,38.6,44.5,38.6 - 44.5,
Symptoms of Anxiety Disorder or Depressive Disorder,By Race/Hispanic ethnicity,United States,"Non-Hispanic white, single race",1,4,May 21 - May 26,5/21/2020 0:00,5/26/2020 0:00,32.3,31.4,33.3,31.4 - 33.3,
Symptoms of Anxiety Disorder or Depressive Disorder,By Race/Hispanic ethnicity,United States,"Non-Hispanic black, single race",1,4,May 21 - May 26,5/21/2020 0:00,5/26/2020 0:00,35.6,32.9,38.3,32.9 - 38.3,
Symptoms of Anxiety Disorder or Depressive Disorder,By Race/Hispanic ethnicity,United States,"Non-Hispanic Asian, single race",1,4,May 21 - May 26,5/21/2020 0:00,5/26/2020 0:00,27.6,24.5,30.8,24.5 - 30.8,
Symptoms of Anxiety Disorder or Depressive Disorder,By Race/Hispanic ethnicity,United States,"Non-Hispanic, other races and multiple races",1,4,May 21 - May 26,5/21/2020 0:00,5/26/2020 0:00,43.4,39.5,47.4,39.5 - 47.4,
Symptoms of Depressive Disorder,By Race/Hispanic ethnicity,United States,Hispanic or Latino,1,5,May 28 - June 2,5/28/2020 0:00,6/2/2020 0:00,26.3,24.6,28.1,24.6 - 28.1,
Symptoms of Depressive Disorder,By Race/Hispanic ethnicity,United States,"Non-Hispanic white, single race",1,5,May 28 - June 2,5/28/2020 0:00,6/2/2020 0:00,23.7,22.9,24.4,22.9 - 24.4,
Symptoms of Depressive Disorder,By Race/Hispanic ethnicity,United States,"Non-Hispanic black, single race",1,5,May 28 - June 2,5/28/2020 0:00,6/2/2020 0:00,29.9,27.7,32.2,27.7 - 32.2,
Symptoms of Depressive Disorder,By Race/Hispanic ethnicity,United States,"Non-Hispanic Asian, single race",1,5,May 28 - June 2,5/28/2020 0:00,6/2/2020 0:00,22,19.5,24.7,19.5 - 24.7,
Symptoms of Depressive Disorder,By Race/Hispanic ethnicity,United States,"Non-Hispanic, other races and multiple races",1,5,May 28 - June 2,5/28/2020 0:00,6/2/2020 0:00,37.6,33.3,42,33.3 - 42.0,
Symptoms of Anxiety Disorder,By Race/Hispanic ethnicity,United States,Hispanic or Latino,1,5,May 28 - June 2,5/28/2020 0:00,6/2/2020 0:00,32.1,30.1,34.1,30.1 - 34.1,
Symptoms of Anxiety Disorder,By Race/Hispanic ethnicity,United States,"Non-Hispanic white, single race",1,5,May 28 - June 2,5/28/2020 0:00,6/2/2020 0:00,29,28.2,29.8,28.2 - 29.8,
Symptoms of Anxiety Disorder,By Race/Hispanic ethnicity,United States,"Non-Hispanic black, single race",1,5,May 28 - June 2,5/28/2020 0:00,6/2/2020 0:00,33.8,31.6,36.2,31.6 - 36.2,
Symptoms of Anxiety Disorder,By Race/Hispanic ethnicity,United States,"Non-Hispanic Asian, single race",1,5,May 28 - June 2,5/28/2020 0:00,6/2/2020 0:00,28.4,25.3,31.7,25.3 - 31.7,
Symptoms of Anxiety Disorder,By Race/Hispanic ethnicity,United States,"Non-Hispanic, other races and multiple races",1,5,May 28 - June 2,5/28/2020 0:00,6/2/2020 0:00,44.6,40.8,48.4,40.8 - 48.4,
Symptoms of Anxiety Disorder or Depressive Disorder,By Race/Hispanic ethnicity,United States,Hispanic or Latino,1,5,May 28 - June 2,5/28/2020 0:00,6/2/2020 0:00,38.3,36.2,40.4,36.2 - 40.4,
Symptoms of Anxiety Disorder or Depressive Disorder,By Race/Hispanic ethnicity,United States,"Non-Hispanic white, single race",1,5,May 28 - June 2,5/28/2020 0:00,6/2/2020 0:00,33.1,32.3,33.9,32.3 - 33.9,
Symptoms of Anxiety Disorder or Depressive Disorder,By Race/Hispanic ethnicity,United States,"Non-Hispanic black, single race",1,5,May 28 - June 2,5/28/2020 0:00,6/2/2020 0:00,40.5,38.3,42.7,38.3 - 42.7,
Symptoms of Anxiety Disorder or Depressive Disorder,By Race/Hispanic ethnicity,United States,"Non-Hispanic Asian, single race",1,5,May 28 - June 2,5/28/2020 0:00,6/2/2020 0:00,34.2,31.6,37,31.6 - 37.0,
Symptoms of Anxiety Disorder or Depressive Disorder,By Race/Hispanic ethnicity,United States,"Non-Hispanic, other races and multiple races",1,5,May 28 - June 2,5/28/2020 0:00,6/2/2020 0:00,49.6,45.9,53.4,45.9 - 53.4,
Symptoms of Depressive Disorder,By Race/Hispanic ethnicity,United States,Hispanic or Latino,1,6,June 4 - June 9,6/4/2020 0:00,6/9/2020 0:00,30.8,28.4,33.3,28.4 - 33.3,
Symptoms of Depressive Disorder,By Race/Hispanic ethnicity,United States,"Non-Hispanic white, single race",1,6,June 4 - June 9,6/4/2020 0:00,6/9/2020 0:00,23.9,22.9,24.8,22.9 - 24.8,
Symptoms of Depressive Disorder,By Race/Hispanic ethnicity,United States,"Non-Hispanic black, single race",1,6,June 4 - June 9,6/4/2020 0:00,6/9/2020 0:00,29.6,27.1,32.2,27.1 - 32.2,
Symptoms of Depressive Disorder,By Race/Hispanic ethnicity,United States,"Non-Hispanic Asian, single race",1,6,June 4 - June 9,6/4/2020 0:00,6/9/2020 0:00,19.8,16.7,23.2,16.7 - 23.2,
Symptoms of Depressive Disorder,By Race/Hispanic ethnicity,United States,"Non-Hispanic, other races and multiple races",1,6,June 4 - June 9,6/4/2020 0:00,6/9/2020 0:00,33.9,30.4,37.5,30.4 - 37.5,
Symptoms of Anxiety Disorder,By Race/Hispanic ethnicity,United States,Hispanic or Latino,1,6,June 4 - June 9,6/4/2020 0:00,6/9/2020 0:00,34,31.6,36.6,31.6 - 36.6,
Symptoms of Anxiety Disorder,By Race/Hispanic ethnicity,United States,"Non-Hispanic white, single race",1,6,June 4 - June 9,6/4/2020 0:00,6/9/2020 0:00,29.6,28.7,30.6,28.7 - 30.6,
Symptoms of Anxiety Disorder,By Race/Hispanic ethnicity,United States,"Non-Hispanic black, single race",1,6,June 4 - June 9,6/4/2020 0:00,6/9/2020 0:00,34.6,31.7,37.5,31.7 - 37.5,
Symptoms of Anxiety Disorder,By Race/Hispanic ethnicity,United States,"Non-Hispanic Asian, single race",1,6,June 4 - June 9,6/4/2020 0:00,6/9/2020 0:00,25.6,21.9,29.5,21.9 - 29.5,
Symptoms of Anxiety Disorder,By Race/Hispanic ethnicity,United States,"Non-Hispanic, other races and multiple races",1,6,June 4 - June 9,6/4/2020 0:00,6/9/2020 0:00,40.4,36,44.8,36.0 - 44.8,
Symptoms of Anxiety Disorder or Depressive Disorder,By Race/Hispanic ethnicity,United States,Hispanic or Latino,1,6,June 4 - June 9,6/4/2020 0:00,6/9/2020 0:00,40.8,38.2,43.4,38.2 - 43.4,
Symptoms of Anxiety Disorder or Depressive Disorder,By Race/Hispanic ethnicity,United States,"Non-Hispanic white, single race",1,6,June 4 - June 9,6/4/2020 0:00,6/9/2020 0:00,34,33,35,33.0 - 35.0,
Symptoms of Anxiety Disorder or Depressive Disorder,By Race/Hispanic ethnicity,United States,"Non-Hispanic black, single race",1,6,June 4 - June 9,6/4/2020 0:00,6/9/2020 0:00,40,37.1,42.9,37.1 - 42.9,
Symptoms of Anxiety Disorder or Depressive Disorder,By Race/Hispanic ethnicity,United States,"Non-Hispanic Asian, single race",1,6,June 4 - June 9,6/4/2020 0:00,6/9/2020 0:00,29.2,25.5,33,25.5 - 33.0,
Symptoms of Anxiety Disorder or Depressive Disorder,By Race/Hispanic ethnicity,United States,"Non-Hispanic, other races and multiple races",1,6,June 4 - June 9,6/4/2020 0:00,6/9/2020 0:00,48.1,43.6,52.7,43.6 - 52.7,
Symptoms of Depressive Disorder,By Race/Hispanic ethnicity,United States,Hispanic or Latino,1,7,June 11 - June 16,6/11/2020 0:00,6/16/2020 0:00,28.4,25.5,31.5,25.5 - 31.5,
Symptoms of Depressive Disorder,By Race/Hispanic ethnicity,United States,"Non-Hispanic white, single race",1,7,June 11 - June 16,6/11/2020 0:00,6/16/2020 0:00,23.5,22.6,24.6,22.6 - 24.6,
Symptoms of Depressive Disorder,By Race/Hispanic ethnicity,United States,"Non-Hispanic black, single race",1,7,June 11 - June 16,6/11/2020 0:00,6/16/2020 0:00,28.3,25.8,30.9,25.8 - 30.9,
Symptoms of Depressive Disorder,By Race/Hispanic ethnicity,United States,"Non-Hispanic Asian, single race",1,7,June 11 - June 16,6/11/2020 0:00,6/16/2020 0:00,21,16.9,25.5,16.9 - 25.5,
Symptoms of Depressive Disorder,By Race/Hispanic ethnicity,United States,"Non-Hispanic, other races and multiple races",1,7,June 11 - June 16,6/11/2020 0:00,6/16/2020 0:00,32.3,28.4,36.4,28.4 - 36.4,
Symptoms of Anxiety Disorder,By Race/Hispanic ethnicity,United States,Hispanic or Latino,1,7,June 11 - June 16,6/11/2020 0:00,6/16/2020 0:00,33.6,30.7,36.6,30.7 - 36.6,
Symptoms of Anxiety Disorder,By Race/Hispanic ethnicity,United States,"Non-Hispanic white, single race",1,7,June 11 - June 16,6/11/2020 0:00,6/16/2020 0:00,30.6,29.6,31.6,29.6 - 31.6,
Symptoms of Anxiety Disorder,By Race/Hispanic ethnicity,United States,"Non-Hispanic black, single race",1,7,June 11 - June 16,6/11/2020 0:00,6/16/2020 0:00,35.8,32.9,38.8,32.9 - 38.8,
Symptoms of Anxiety Disorder,By Race/Hispanic ethnicity,United States,"Non-Hispanic Asian, single race",1,7,June 11 - June 16,6/11/2020 0:00,6/16/2020 0:00,26,21.8,30.5,21.8 - 30.5,
Symptoms of Anxiety Disorder,By Race/Hispanic ethnicity,United States,"Non-Hispanic, other races and multiple races",1,7,June 11 - June 16,6/11/2020 0:00,6/16/2020 0:00,37.6,33.3,42.2,33.3 - 42.2,
Symptoms of Anxiety Disorder or Depressive Disorder,By Race/Hispanic ethnicity,United States,Hispanic or Latino,1,7,June 11 - June 16,6/11/2020 0:00,6/16/2020 0:00,39.6,36.4,43,36.4 - 43.0,
Symptoms of Anxiety Disorder or Depressive Disorder,By Race/Hispanic ethnicity,United States,"Non-Hispanic white, single race",1,7,June 11 - June 16,6/11/2020 0:00,6/16/2020 0:00,34.3,33.3,35.3,33.3 - 35.3,
Symptoms of Anxiety Disorder or Depressive Disorder,By Race/Hispanic ethnicity,United States,"Non-Hispanic black, single race",1,7,June 11 - June 16,6/11/2020 0:00,6/16/2020 0:00,40,37,43,37.0 - 43.0,
Symptoms of Anxiety Disorder or Depressive Disorder,By Race/Hispanic ethnicity,United States,"Non-Hispanic Asian, single race",1,7,June 11 - June 16,6/11/2020 0:00,6/16/2020 0:00,29.9,25.7,34.4,25.7 - 34.4,
Symptoms of Anxiety Disorder or Depressive Disorder,By Race/Hispanic ethnicity,United States,"Non-Hispanic, other races and multiple races",1,7,June 11 - June 16,6/11/2020 0:00,6/16/2020 0:00,44.3,40,48.6,40.0 - 48.6,
Symptoms of Depressive Disorder,By Race/Hispanic ethnicity,United States,Hispanic or Latino,1,8,June 18 - June 23,6/18/2020 0:00,6/23/2020 0:00,29,26.6,31.4,26.6 - 31.4,
Symptoms of Depressive Disorder,By Race/Hispanic ethnicity,United States,"Non-Hispanic white, single race",1,8,June 18 - June 23,6/18/2020 0:00,6/23/2020 0:00,24.2,23.5,25,23.5 - 25.0,
Symptoms of Depressive Disorder,By Race/Hispanic ethnicity,United States,"Non-Hispanic black, single race",1,8,June 18 - June 23,6/18/2020 0:00,6/23/2020 0:00,28.1,26,30.3,26.0 - 30.3,
Symptoms of Depressive Disorder,By Race/Hispanic ethnicity,United States,"Non-Hispanic Asian, single race",1,8,June 18 - June 23,6/18/2020 0:00,6/23/2020 0:00,20.1,17.4,23.1,17.4 - 23.1,
Symptoms of Depressive Disorder,By Race/Hispanic ethnicity,United States,"Non-Hispanic, other races and multiple races",1,8,June 18 - June 23,6/18/2020 0:00,6/23/2020 0:00,34.1,29.9,38.5,29.9 - 38.5,
Symptoms of Anxiety Disorder,By Race/Hispanic ethnicity,United States,Hispanic or Latino,1,8,June 18 - June 23,6/18/2020 0:00,6/23/2020 0:00,36.5,34,39.1,34.0 - 39.1,
Symptoms of Anxiety Disorder,By Race/Hispanic ethnicity,United States,"Non-Hispanic white, single race",1,8,June 18 - June 23,6/18/2020 0:00,6/23/2020 0:00,29.8,29,30.5,29.0 - 30.5,
Symptoms of Anxiety Disorder,By Race/Hispanic ethnicity,United States,"Non-Hispanic black, single race",1,8,June 18 - June 23,6/18/2020 0:00,6/23/2020 0:00,32.6,30.4,34.9,30.4 - 34.9,
Symptoms of Anxiety Disorder,By Race/Hispanic ethnicity,United States,"Non-Hispanic Asian, single race",1,8,June 18 - June 23,6/18/2020 0:00,6/23/2020 0:00,23,20,26.2,20.0 - 26.2,
Symptoms of Anxiety Disorder,By Race/Hispanic ethnicity,United States,"Non-Hispanic, other races and multiple races",1,8,June 18 - June 23,6/18/2020 0:00,6/23/2020 0:00,39.7,35.8,43.8,35.8 - 43.8,
Symptoms of Anxiety Disorder or Depressive Disorder,By Race/Hispanic ethnicity,United States,Hispanic or Latino,1,8,June 18 - June 23,6/18/2020 0:00,6/23/2020 0:00,42.3,39.9,44.7,39.9 - 44.7,
Symptoms of Anxiety Disorder or Depressive Disorder,By Race/Hispanic ethnicity,United States,"Non-Hispanic white, single race",1,8,June 18 - June 23,6/18/2020 0:00,6/23/2020 0:00,34.1,33.3,34.9,33.3 - 34.9,
Symptoms of Anxiety Disorder or Depressive Disorder,By Race/Hispanic ethnicity,United States,"Non-Hispanic black, single race",1,8,June 18 - June 23,6/18/2020 0:00,6/23/2020 0:00,39.1,36.8,41.5,36.8 - 41.5,
Symptoms of Anxiety Disorder or Depressive Disorder,By Race/Hispanic ethnicity,United States,"Non-Hispanic Asian, single race",1,8,June 18 - June 23,6/18/2020 0:00,6/23/2020 0:00,27.8,24.4,31.4,24.4 - 31.4,
Symptoms of Anxiety Disorder or Depressive Disorder,By Race/Hispanic ethnicity,United States,"Non-Hispanic, other races and multiple races",1,8,June 18 - June 23,6/18/2020 0:00,6/23/2020 0:00,45.1,41.2,48.9,41.2 - 48.9,
Symptoms of Depressive Disorder,By Race/Hispanic ethnicity,United States,Hispanic or Latino,1,9,June 25 - June 30,6/25/2020 0:00,6/30/2020 0:00,31.1,29,33.2,29.0 - 33.2,
Symptoms of Depressive Disorder,By Race/Hispanic ethnicity,United States,"Non-Hispanic white, single race",1,9,June 25 - June 30,6/25/2020 0:00,6/30/2020 0:00,24.9,24.1,25.8,24.1 - 25.8,
Symptoms of Depressive Disorder,By Race/Hispanic ethnicity,United States,"Non-Hispanic black, single race",1,9,June 25 - June 30,6/25/2020 0:00,6/30/2020 0:00,30.9,28.6,33.2,28.6 - 33.2,
Symptoms of Depressive Disorder,By Race/Hispanic ethnicity,United States,"Non-Hispanic Asian, single race",1,9,June 25 - June 30,6/25/2020 0:00,6/30/2020 0:00,21.5,18.6,24.7,18.6 - 24.7,
Symptoms of Depressive Disorder,By Race/Hispanic ethnicity,United States,"Non-Hispanic, other races and multiple races",1,9,June 25 - June 30,6/25/2020 0:00,6/30/2020 0:00,36.8,33.2,40.4,33.2 - 40.4,
Symptoms of Anxiety Disorder,By Race/Hispanic ethnicity,United States,Hispanic or Latino,1,9,June 25 - June 30,6/25/2020 0:00,6/30/2020 0:00,37,34.8,39.2,34.8 - 39.2,
Symptoms of Anxiety Disorder,By Race/Hispanic ethnicity,United States,"Non-Hispanic white, single race",1,9,June 25 - June 30,6/25/2020 0:00,6/30/2020 0:00,31.4,30.6,32.3,30.6 - 32.3,
Symptoms of Anxiety Disorder,By Race/Hispanic ethnicity,United States,"Non-Hispanic black, single race",1,9,June 25 - June 30,6/25/2020 0:00,6/30/2020 0:00,35.1,33.2,37.1,33.2 - 37.1,
Symptoms of Anxiety Disorder,By Race/Hispanic ethnicity,United States,"Non-Hispanic Asian, single race",1,9,June 25 - June 30,6/25/2020 0:00,6/30/2020 0:00,24.3,21.4,27.4,21.4 - 27.4,
Symptoms of Anxiety Disorder,By Race/Hispanic ethnicity,United States,"Non-Hispanic, other races and multiple races",1,9,June 25 - June 30,6/25/2020 0:00,6/30/2020 0:00,45.4,41.7,49.1,41.7 - 49.1,
Symptoms of Anxiety Disorder or Depressive Disorder,By Race/Hispanic ethnicity,United States,Hispanic or Latino,1,9,June 25 - June 30,6/25/2020 0:00,6/30/2020 0:00,42.8,40.7,45,40.7 - 45.0,
Symptoms of Anxiety Disorder or Depressive Disorder,By Race/Hispanic ethnicity,United States,"Non-Hispanic white, single race",1,9,June 25 - June 30,6/25/2020 0:00,6/30/2020 0:00,35.8,34.8,36.8,34.8 - 36.8,
Symptoms of Anxiety Disorder or Depressive Disorder,By Race/Hispanic ethnicity,United States,"Non-Hispanic black, single race",1,9,June 25 - June 30,6/25/2020 0:00,6/30/2020 0:00,41.3,39.3,43.4,39.3 - 43.4,
Symptoms of Anxiety Disorder or Depressive Disorder,By Race/Hispanic ethnicity,United States,"Non-Hispanic Asian, single race",1,9,June 25 - June 30,6/25/2020 0:00,6/30/2020 0:00,28.6,25.5,31.9,25.5 - 31.9,
Symptoms of Anxiety Disorder or Depressive Disorder,By Race/Hispanic ethnicity,United States,"Non-Hispanic, other races and multiple races",1,9,June 25 - June 30,6/25/2020 0:00,6/30/2020 0:00,49.6,45.9,53.2,45.9 - 53.2,
Symptoms of Depressive Disorder,By Race/Hispanic ethnicity,United States,Hispanic or Latino,1,10,July 2 - July 7,7/2/2020 0:00,7/7/2020 0:00,30.9,29,32.8,29.0 - 32.8,
Symptoms of Depressive Disorder,By Race/Hispanic ethnicity,United States,"Non-Hispanic white, single race",1,10,July 2 - July 7,7/2/2020 0:00,7/7/2020 0:00,26,25.3,26.7,25.3 - 26.7,
Symptoms of Depressive Disorder,By Race/Hispanic ethnicity,United States,"Non-Hispanic black, single race",1,10,July 2 - July 7,7/2/2020 0:00,7/7/2020 0:00,29.9,27.5,32.3,27.5 - 32.3,
Symptoms of Depressive Disorder,By Race/Hispanic ethnicity,United States,"Non-Hispanic Asian, single race",1,10,July 2 - July 7,7/2/2020 0:00,7/7/2020 0:00,25,22.2,28,22.2 - 28.0,
Symptoms of Depressive Disorder,By Race/Hispanic ethnicity,United States,"Non-Hispanic, other races and multiple races",1,10,July 2 - July 7,7/2/2020 0:00,7/7/2020 0:00,35.6,32.3,39,32.3 - 39.0,
Symptoms of Anxiety Disorder,By Race/Hispanic ethnicity,United States,Hispanic or Latino,1,10,July 2 - July 7,7/2/2020 0:00,7/7/2020 0:00,37.1,34.8,39.4,34.8 - 39.4,
Symptoms of Anxiety Disorder,By Race/Hispanic ethnicity,United States,"Non-Hispanic white, single race",1,10,July 2 - July 7,7/2/2020 0:00,7/7/2020 0:00,32.9,32,33.8,32.0 - 33.8,
Symptoms of Anxiety Disorder,By Race/Hispanic ethnicity,United States,"Non-Hispanic black, single race",1,10,July 2 - July 7,7/2/2020 0:00,7/7/2020 0:00,34,31.9,36.2,31.9 - 36.2,
Symptoms of Anxiety Disorder,By Race/Hispanic ethnicity,United States,"Non-Hispanic Asian, single race",1,10,July 2 - July 7,7/2/2020 0:00,7/7/2020 0:00,29.9,26.4,33.7,26.4 - 33.7,
Symptoms of Anxiety Disorder,By Race/Hispanic ethnicity,United States,"Non-Hispanic, other races and multiple races",1,10,July 2 - July 7,7/2/2020 0:00,7/7/2020 0:00,43.3,39.5,47.1,39.5 - 47.1,
Symptoms of Anxiety Disorder or Depressive Disorder,By Race/Hispanic ethnicity,United States,Hispanic or Latino,1,10,July 2 - July 7,7/2/2020 0:00,7/7/2020 0:00,43.4,41.1,45.6,41.1 - 45.6,
Symptoms of Anxiety Disorder or Depressive Disorder,By Race/Hispanic ethnicity,United States,"Non-Hispanic white, single race",1,10,July 2 - July 7,7/2/2020 0:00,7/7/2020 0:00,37.2,36.3,38.1,36.3 - 38.1,
Symptoms of Anxiety Disorder or Depressive Disorder,By Race/Hispanic ethnicity,United States,"Non-Hispanic black, single race",1,10,July 2 - July 7,7/2/2020 0:00,7/7/2020 0:00,40.6,38.3,42.9,38.3 - 42.9,
Symptoms of Anxiety Disorder or Depressive Disorder,By Race/Hispanic ethnicity,United States,"Non-Hispanic Asian, single race",1,10,July 2 - July 7,7/2/2020 0:00,7/7/2020 0:00,36.6,32.7,40.6,32.7 - 40.6,
Symptoms of Anxiety Disorder or Depressive Disorder,By Race/Hispanic ethnicity,United States,"Non-Hispanic, other races and multiple races",1,10,July 2 - July 7,7/2/2020 0:00,7/7/2020 0:00,47.7,43.9,51.5,43.9 - 51.5,
Symptoms of Depressive Disorder,By Race/Hispanic ethnicity,United States,Hispanic or Latino,1,11,July 9 - July 14,7/9/2020 0:00,7/14/2020 0:00,31,28.5,33.6,28.5 - 33.6,
Symptoms of Depressive Disorder,By Race/Hispanic ethnicity,United States,"Non-Hispanic white, single race",1,11,July 9 - July 14,7/9/2020 0:00,7/14/2020 0:00,26.6,25.8,27.4,25.8 - 27.4,
Symptoms of Depressive Disorder,By Race/Hispanic ethnicity,United States,"Non-Hispanic black, single race",1,11,July 9 - July 14,7/9/2020 0:00,7/14/2020 0:00,30,28,32,28.0 - 32.0,
Symptoms of Depressive Disorder,By Race/Hispanic ethnicity,United States,"Non-Hispanic Asian, single race",1,11,July 9 - July 14,7/9/2020 0:00,7/14/2020 0:00,26.4,22.2,30.9,22.2 - 30.9,
Symptoms of Depressive Disorder,By Race/Hispanic ethnicity,United States,"Non-Hispanic, other races and multiple races",1,11,July 9 - July 14,7/9/2020 0:00,7/14/2020 0:00,36.1,32.3,40,32.3 - 40.0,
Symptoms of Anxiety Disorder,By Race/Hispanic ethnicity,United States,Hispanic or Latino,1,11,July 9 - July 14,7/9/2020 0:00,7/14/2020 0:00,39.3,36.2,42.4,36.2 - 42.4,
Symptoms of Anxiety Disorder,By Race/Hispanic ethnicity,United States,"Non-Hispanic white, single race",1,11,July 9 - July 14,7/9/2020 0:00,7/14/2020 0:00,34.1,33.2,35.1,33.2 - 35.1,
Symptoms of Anxiety Disorder,By Race/Hispanic ethnicity,United States,"Non-Hispanic black, single race",1,11,July 9 - July 14,7/9/2020 0:00,7/14/2020 0:00,36.9,34.7,39.1,34.7 - 39.1,
Symptoms of Anxiety Disorder,By Race/Hispanic ethnicity,United States,"Non-Hispanic Asian, single race",1,11,July 9 - July 14,7/9/2020 0:00,7/14/2020 0:00,30.2,26.2,34.4,26.2 - 34.4,
Symptoms of Anxiety Disorder,By Race/Hispanic ethnicity,United States,"Non-Hispanic, other races and multiple races",1,11,July 9 - July 14,7/9/2020 0:00,7/14/2020 0:00,46.2,42.3,50.1,42.3 - 50.1,
Symptoms of Anxiety Disorder or Depressive Disorder,By Race/Hispanic ethnicity,United States,Hispanic or Latino,1,11,July 9 - July 14,7/9/2020 0:00,7/14/2020 0:00,44,41,47,41.0 - 47.0,
Symptoms of Anxiety Disorder or Depressive Disorder,By Race/Hispanic ethnicity,United States,"Non-Hispanic white, single race",1,11,July 9 - July 14,7/9/2020 0:00,7/14/2020 0:00,38.5,37.5,39.4,37.5 - 39.4,
Symptoms of Anxiety Disorder or Depressive Disorder,By Race/Hispanic ethnicity,United States,"Non-Hispanic black, single race",1,11,July 9 - July 14,7/9/2020 0:00,7/14/2020 0:00,42.7,40.3,45,40.3 - 45.0,
Symptoms of Anxiety Disorder or Depressive Disorder,By Race/Hispanic ethnicity,United States,"Non-Hispanic Asian, single race",1,11,July 9 - July 14,7/9/2020 0:00,7/14/2020 0:00,36.5,31.8,41.3,31.8 - 41.3,
Symptoms of Anxiety Disorder or Depressive Disorder,By Race/Hispanic ethnicity,United States,"Non-Hispanic, other races and multiple races",1,11,July 9 - July 14,7/9/2020 0:00,7/14/2020 0:00,51.2,47.5,54.9,47.5 - 54.9,
Symptoms of Depressive Disorder,By Race/Hispanic ethnicity,United States,Hispanic or Latino,1,12,July 16 - July 21,7/16/2020 0:00,7/21/2020 0:00,34.2,31.8,36.7,31.8 - 36.7,
Symptoms of Depressive Disorder,By Race/Hispanic ethnicity,United States,"Non-Hispanic white, single race",1,12,July 16 - July 21,7/16/2020 0:00,7/21/2020 0:00,27.7,26.8,28.6,26.8 - 28.6,
Symptoms of Depressive Disorder,By Race/Hispanic ethnicity,United States,"Non-Hispanic black, single race",1,12,July 16 - July 21,7/16/2020 0:00,7/21/2020 0:00,32.1,29.7,34.6,29.7 - 34.6,
Symptoms of Depressive Disorder,By Race/Hispanic ethnicity,United States,"Non-Hispanic Asian, single race",1,12,July 16 - July 21,7/16/2020 0:00,7/21/2020 0:00,30.5,26.9,34.2,26.9 - 34.2,
Symptoms of Depressive Disorder,By Race/Hispanic ethnicity,United States,"Non-Hispanic, other races and multiple races",1,12,July 16 - July 21,7/16/2020 0:00,7/21/2020 0:00,33,29,37.2,29.0 - 37.2,
Symptoms of Anxiety Disorder,By Race/Hispanic ethnicity,United States,Hispanic or Latino,1,12,July 16 - July 21,7/16/2020 0:00,7/21/2020 0:00,41.9,39.4,44.4,39.4 - 44.4,
Symptoms of Anxiety Disorder,By Race/Hispanic ethnicity,United States,"Non-Hispanic white, single race",1,12,July 16 - July 21,7/16/2020 0:00,7/21/2020 0:00,34.2,33.4,35.1,33.4 - 35.1,
Symptoms of Anxiety Disorder,By Race/Hispanic ethnicity,United States,"Non-Hispanic black, single race",1,12,July 16 - July 21,7/16/2020 0:00,7/21/2020 0:00,35.8,33.4,38.3,33.4 - 38.3,
Symptoms of Anxiety Disorder,By Race/Hispanic ethnicity,United States,"Non-Hispanic Asian, single race",1,12,July 16 - July 21,7/16/2020 0:00,7/21/2020 0:00,35,31,39.2,31.0 - 39.2,
Symptoms of Anxiety Disorder,By Race/Hispanic ethnicity,United States,"Non-Hispanic, other races and multiple races",1,12,July 16 - July 21,7/16/2020 0:00,7/21/2020 0:00,43.8,39.8,47.9,39.8 - 47.9,
Symptoms of Anxiety Disorder or Depressive Disorder,By Race/Hispanic ethnicity,United States,Hispanic or Latino,1,12,July 16 - July 21,7/16/2020 0:00,7/21/2020 0:00,46.3,43.7,48.9,43.7 - 48.9,
Symptoms of Anxiety Disorder or Depressive Disorder,By Race/Hispanic ethnicity,United States,"Non-Hispanic white, single race",1,12,July 16 - July 21,7/16/2020 0:00,7/21/2020 0:00,38.8,38,39.7,38.0 - 39.7,
Symptoms of Anxiety Disorder or Depressive Disorder,By Race/Hispanic ethnicity,United States,"Non-Hispanic black, single race",1,12,July 16 - July 21,7/16/2020 0:00,7/21/2020 0:00,42.6,40.3,44.9,40.3 - 44.9,
Symptoms of Anxiety Disorder or Depressive Disorder,By Race/Hispanic ethnicity,United States,"Non-Hispanic Asian, single race",1,12,July 16 - July 21,7/16/2020 0:00,7/21/2020 0:00,40.3,36.6,44,36.6 - 44.0,
Symptoms of Anxiety Disorder or Depressive Disorder,By Race/Hispanic ethnicity,United States,"Non-Hispanic, other races and multiple races",1,12,July 16 - July 21,7/16/2020 0:00,7/21/2020 0:00,48.8,44.8,52.8,44.8 - 52.8,
Symptoms of Depressive Disorder,By Race/Hispanic ethnicity,United States,Hispanic or Latino,2,13,Aug 19 - Aug 31,8/19/2020 0:00,8/31/2020 0:00,28.5,26.8,30.1,26.8 - 30.1,
Symptoms of Depressive Disorder,By Race/Hispanic ethnicity,United States,"Non-Hispanic white, single race",2,13,Aug 19 - Aug 31,8/19/2020 0:00,8/31/2020 0:00,23.2,22.6,23.8,22.6 - 23.8,
Symptoms of Depressive Disorder,By Race/Hispanic ethnicity,United States,"Non-Hispanic black, single race",2,13,Aug 19 - Aug 31,8/19/2020 0:00,8/31/2020 0:00,26.2,24.1,28.4,24.1 - 28.4,
Symptoms of Depressive Disorder,By Race/Hispanic ethnicity,United States,"Non-Hispanic Asian, single race",2,13,Aug 19 - Aug 31,8/19/2020 0:00,8/31/2020 0:00,20.8,18.8,22.9,18.8 - 22.9,
Symptoms of Depressive Disorder,By Race/Hispanic ethnicity,United States,"Non-Hispanic, other races and multiple races",2,13,Aug 19 - Aug 31,8/19/2020 0:00,8/31/2020 0:00,30.3,27.4,33.4,27.4 - 33.4,
Symptoms of Anxiety Disorder,By Race/Hispanic ethnicity,United States,Hispanic or Latino,2,13,Aug 19 - Aug 31,8/19/2020 0:00,8/31/2020 0:00,33.3,31.3,35.5,31.3 - 35.5,
Symptoms of Anxiety Disorder,By Race/Hispanic ethnicity,United States,"Non-Hispanic white, single race",2,13,Aug 19 - Aug 31,8/19/2020 0:00,8/31/2020 0:00,31.2,30.6,31.8,30.6 - 31.8,
Symptoms of Anxiety Disorder,By Race/Hispanic ethnicity,United States,"Non-Hispanic black, single race",2,13,Aug 19 - Aug 31,8/19/2020 0:00,8/31/2020 0:00,30.8,28.9,32.7,28.9 - 32.7,
Symptoms of Anxiety Disorder,By Race/Hispanic ethnicity,United States,"Non-Hispanic Asian, single race",2,13,Aug 19 - Aug 31,8/19/2020 0:00,8/31/2020 0:00,25.1,23,27.4,23.0 - 27.4,
Symptoms of Anxiety Disorder,By Race/Hispanic ethnicity,United States,"Non-Hispanic, other races and multiple races",2,13,Aug 19 - Aug 31,8/19/2020 0:00,8/31/2020 0:00,37.1,34.6,39.7,34.6 - 39.7,
Symptoms of Anxiety Disorder or Depressive Disorder,By Race/Hispanic ethnicity,United States,Hispanic or Latino,2,13,Aug 19 - Aug 31,8/19/2020 0:00,8/31/2020 0:00,40.2,38,42.3,38.0 - 42.3,
Symptoms of Anxiety Disorder or Depressive Disorder,By Race/Hispanic ethnicity,United States,"Non-Hispanic white, single race",2,13,Aug 19 - Aug 31,8/19/2020 0:00,8/31/2020 0:00,35.4,34.8,35.9,34.8 - 35.9,
Symptoms of Anxiety Disorder or Depressive Disorder,By Race/Hispanic ethnicity,United States,"Non-Hispanic black, single race",2,13,Aug 19 - Aug 31,8/19/2020 0:00,8/31/2020 0:00,37.7,35.7,39.8,35.7 - 39.8,
Symptoms of Anxiety Disorder or Depressive Disorder,By Race/Hispanic ethnicity,United States,"Non-Hispanic Asian, single race",2,13,Aug 19 - Aug 31,8/19/2020 0:00,8/31/2020 0:00,30.5,28.2,32.8,28.2 - 32.8,
Symptoms of Anxiety Disorder or Depressive Disorder,By Race/Hispanic ethnicity,United States,"Non-Hispanic, other races and multiple races",2,13,Aug 19 - Aug 31,8/19/2020 0:00,8/31/2020 0:00,43.1,40.2,46.1,40.2 - 46.1,
Symptoms of Depressive Disorder,By Race/Hispanic ethnicity,United States,Hispanic or Latino,2,14,Sep 2 - Sep 14,9/2/2020 0:00,9/14/2020 0:00,28.9,27.5,30.5,27.5 - 30.5,
Symptoms of Depressive Disorder,By Race/Hispanic ethnicity,United States,"Non-Hispanic white, single race",2,14,Sep 2 - Sep 14,9/2/2020 0:00,9/14/2020 0:00,22.7,22,23.3,22.0 - 23.3,
Symptoms of Depressive Disorder,By Race/Hispanic ethnicity,United States,"Non-Hispanic black, single race",2,14,Sep 2 - Sep 14,9/2/2020 0:00,9/14/2020 0:00,28.5,26.7,30.4,26.7 - 30.4,
Symptoms of Depressive Disorder,By Race/Hispanic ethnicity,United States,"Non-Hispanic Asian, single race",2,14,Sep 2 - Sep 14,9/2/2020 0:00,9/14/2020 0:00,19.1,17.3,21,17.3 - 21.0,
Symptoms of Depressive Disorder,By Race/Hispanic ethnicity,United States,"Non-Hispanic, other races and multiple races",2,14,Sep 2 - Sep 14,9/2/2020 0:00,9/14/2020 0:00,31.4,28.6,34.4,28.6 - 34.4,
Symptoms of Anxiety Disorder,By Race/Hispanic ethnicity,United States,Hispanic or Latino,2,14,Sep 2 - Sep 14,9/2/2020 0:00,9/14/2020 0:00,35.9,34.1,37.8,34.1 - 37.8,
Symptoms of Anxiety Disorder,By Race/Hispanic ethnicity,United States,"Non-Hispanic white, single race",2,14,Sep 2 - Sep 14,9/2/2020 0:00,9/14/2020 0:00,30.4,29.7,31.2,29.7 - 31.2,
Symptoms of Anxiety Disorder,By Race/Hispanic ethnicity,United States,"Non-Hispanic black, single race",2,14,Sep 2 - Sep 14,9/2/2020 0:00,9/14/2020 0:00,33,31.1,35,31.1 - 35.0,
Symptoms of Anxiety Disorder,By Race/Hispanic ethnicity,United States,"Non-Hispanic Asian, single race",2,14,Sep 2 - Sep 14,9/2/2020 0:00,9/14/2020 0:00,21.5,19.5,23.5,19.5 - 23.5,
Symptoms of Anxiety Disorder,By Race/Hispanic ethnicity,United States,"Non-Hispanic, other races and multiple races",2,14,Sep 2 - Sep 14,9/2/2020 0:00,9/14/2020 0:00,42.1,38,46.3,38.0 - 46.3,
Symptoms of Anxiety Disorder or Depressive Disorder,By Race/Hispanic ethnicity,United States,Hispanic or Latino,2,14,Sep 2 - Sep 14,9/2/2020 0:00,9/14/2020 0:00,42,40.1,43.8,40.1 - 43.8,
Symptoms of Anxiety Disorder or Depressive Disorder,By Race/Hispanic ethnicity,United States,"Non-Hispanic white, single race",2,14,Sep 2 - Sep 14,9/2/2020 0:00,9/14/2020 0:00,34.4,33.6,35.2,33.6 - 35.2,
Symptoms of Anxiety Disorder or Depressive Disorder,By Race/Hispanic ethnicity,United States,"Non-Hispanic black, single race",2,14,Sep 2 - Sep 14,9/2/2020 0:00,9/14/2020 0:00,38.6,36.7,40.4,36.7 - 40.4,
Symptoms of Anxiety Disorder or Depressive Disorder,By Race/Hispanic ethnicity,United States,"Non-Hispanic Asian, single race",2,14,Sep 2 - Sep 14,9/2/2020 0:00,9/14/2020 0:00,27.4,25.3,29.5,25.3 - 29.5,
Symptoms of Anxiety Disorder or Depressive Disorder,By Race/Hispanic ethnicity,United States,"Non-Hispanic, other races and multiple races",2,14,Sep 2 - Sep 14,9/2/2020 0:00,9/14/2020 0:00,47.8,43.9,51.7,43.9 - 51.7,
Symptoms of Depressive Disorder,By Race/Hispanic ethnicity,United States,Hispanic or Latino,2,15,Sep 16 - Sep 28,9/16/2020 0:00,9/28/2020 0:00,31,28.6,33.4,28.6 - 33.4,
Symptoms of Depressive Disorder,By Race/Hispanic ethnicity,United States,"Non-Hispanic white, single race",2,15,Sep 16 - Sep 28,9/16/2020 0:00,9/28/2020 0:00,23.4,22.8,24,22.8 - 24.0,
Symptoms of Depressive Disorder,By Race/Hispanic ethnicity,United States,"Non-Hispanic black, single race",2,15,Sep 16 - Sep 28,9/16/2020 0:00,9/28/2020 0:00,25.8,23.8,27.8,23.8 - 27.8,
Symptoms of Depressive Disorder,By Race/Hispanic ethnicity,United States,"Non-Hispanic Asian, single race",2,15,Sep 16 - Sep 28,9/16/2020 0:00,9/28/2020 0:00,21,18.7,23.5,18.7 - 23.5,
Symptoms of Depressive Disorder,By Race/Hispanic ethnicity,United States,"Non-Hispanic, other races and multiple races",2,15,Sep 16 - Sep 28,9/16/2020 0:00,9/28/2020 0:00,31.4,28.5,34.4,28.5 - 34.4,
Symptoms of Anxiety Disorder,By Race/Hispanic ethnicity,United States,Hispanic or Latino,2,15,Sep 16 - Sep 28,9/16/2020 0:00,9/28/2020 0:00,38.5,36.1,40.9,36.1 - 40.9,
Symptoms of Anxiety Disorder,By Race/Hispanic ethnicity,United States,"Non-Hispanic white, single race",2,15,Sep 16 - Sep 28,9/16/2020 0:00,9/28/2020 0:00,31.4,30.9,32,30.9 - 32.0,
Symptoms of Anxiety Disorder,By Race/Hispanic ethnicity,United States,"Non-Hispanic black, single race",2,15,Sep 16 - Sep 28,9/16/2020 0:00,9/28/2020 0:00,32,29.7,34.3,29.7 - 34.3,
Symptoms of Anxiety Disorder,By Race/Hispanic ethnicity,United States,"Non-Hispanic Asian, single race",2,15,Sep 16 - Sep 28,9/16/2020 0:00,9/28/2020 0:00,25,22.4,27.8,22.4 - 27.8,
Symptoms of Anxiety Disorder,By Race/Hispanic ethnicity,United States,"Non-Hispanic, other races and multiple races",2,15,Sep 16 - Sep 28,9/16/2020 0:00,9/28/2020 0:00,39.6,36.8,42.4,36.8 - 42.4,
Symptoms of Anxiety Disorder or Depressive Disorder,By Race/Hispanic ethnicity,United States,Hispanic or Latino,2,15,Sep 16 - Sep 28,9/16/2020 0:00,9/28/2020 0:00,44.4,41.9,46.8,41.9 - 46.8,
Symptoms of Anxiety Disorder or Depressive Disorder,By Race/Hispanic ethnicity,United States,"Non-Hispanic white, single race",2,15,Sep 16 - Sep 28,9/16/2020 0:00,9/28/2020 0:00,35.6,34.9,36.2,34.9 - 36.2,
Symptoms of Anxiety Disorder or Depressive Disorder,By Race/Hispanic ethnicity,United States,"Non-Hispanic black, single race",2,15,Sep 16 - Sep 28,9/16/2020 0:00,9/28/2020 0:00,37.4,35.2,39.7,35.2 - 39.7,
Symptoms of Anxiety Disorder or Depressive Disorder,By Race/Hispanic ethnicity,United States,"Non-Hispanic Asian, single race",2,15,Sep 16 - Sep 28,9/16/2020 0:00,9/28/2020 0:00,30.1,27.5,32.7,27.5 - 32.7,
Symptoms of Anxiety Disorder or Depressive Disorder,By Race/Hispanic ethnicity,United States,"Non-Hispanic, other races and multiple races",2,15,Sep 16 - Sep 28,9/16/2020 0:00,9/28/2020 0:00,44.4,41.4,47.4,41.4 - 47.4,
Symptoms of Depressive Disorder,By Race/Hispanic ethnicity,United States,Hispanic or Latino,2,16,Sep 30 - Oct 12,9/30/2020 0:00,10/12/2020 0:00,31.5,28.9,34.2,28.9 - 34.2,
Symptoms of Depressive Disorder,By Race/Hispanic ethnicity,United States,"Non-Hispanic white, single race",2,16,Sep 30 - Oct 12,9/30/2020 0:00,10/12/2020 0:00,23.3,22.7,23.9,22.7 - 23.9,
Symptoms of Depressive Disorder,By Race/Hispanic ethnicity,United States,"Non-Hispanic black, single race",2,16,Sep 30 - Oct 12,9/30/2020 0:00,10/12/2020 0:00,29.2,27.1,31.4,27.1 - 31.4,
Symptoms of Depressive Disorder,By Race/Hispanic ethnicity,United States,"Non-Hispanic Asian, single race",2,16,Sep 30 - Oct 12,9/30/2020 0:00,10/12/2020 0:00,19,17.1,21.1,17.1 - 21.1,
Symptoms of Depressive Disorder,By Race/Hispanic ethnicity,United States,"Non-Hispanic, other races and multiple races",2,16,Sep 30 - Oct 12,9/30/2020 0:00,10/12/2020 0:00,33.6,30.4,37,30.4 - 37.0,
Symptoms of Anxiety Disorder,By Race/Hispanic ethnicity,United States,Hispanic or Latino,2,16,Sep 30 - Oct 12,9/30/2020 0:00,10/12/2020 0:00,36.4,33.7,39.2,33.7 - 39.2,
Symptoms of Anxiety Disorder,By Race/Hispanic ethnicity,United States,"Non-Hispanic white, single race",2,16,Sep 30 - Oct 12,9/30/2020 0:00,10/12/2020 0:00,31.6,30.9,32.4,30.9 - 32.4,
Symptoms of Anxiety Disorder,By Race/Hispanic ethnicity,United States,"Non-Hispanic black, single race",2,16,Sep 30 - Oct 12,9/30/2020 0:00,10/12/2020 0:00,32.2,30.2,34.1,30.2 - 34.1,
Symptoms of Anxiety Disorder,By Race/Hispanic ethnicity,United States,"Non-Hispanic Asian, single race",2,16,Sep 30 - Oct 12,9/30/2020 0:00,10/12/2020 0:00,24.8,22.2,27.5,22.2 - 27.5,
Symptoms of Anxiety Disorder,By Race/Hispanic ethnicity,United States,"Non-Hispanic, other races and multiple races",2,16,Sep 30 - Oct 12,9/30/2020 0:00,10/12/2020 0:00,39.7,35.6,43.8,35.6 - 43.8,
Symptoms of Anxiety Disorder or Depressive Disorder,By Race/Hispanic ethnicity,United States,Hispanic or Latino,2,16,Sep 30 - Oct 12,9/30/2020 0:00,10/12/2020 0:00,43.5,40.9,46.1,40.9 - 46.1,
Symptoms of Anxiety Disorder or Depressive Disorder,By Race/Hispanic ethnicity,United States,"Non-Hispanic white, single race",2,16,Sep 30 - Oct 12,9/30/2020 0:00,10/12/2020 0:00,35.9,35.1,36.6,35.1 - 36.6,
Symptoms of Anxiety Disorder or Depressive Disorder,By Race/Hispanic ethnicity,United States,"Non-Hispanic black, single race",2,16,Sep 30 - Oct 12,9/30/2020 0:00,10/12/2020 0:00,39.7,37.6,41.8,37.6 - 41.8,
Symptoms of Anxiety Disorder or Depressive Disorder,By Race/Hispanic ethnicity,United States,"Non-Hispanic Asian, single race",2,16,Sep 30 - Oct 12,9/30/2020 0:00,10/12/2020 0:00,29.2,26.4,32,26.4 - 32.0,
Symptoms of Anxiety Disorder or Depressive Disorder,By Race/Hispanic ethnicity,United States,"Non-Hispanic, other races and multiple races",2,16,Sep 30 - Oct 12,9/30/2020 0:00,10/12/2020 0:00,45.7,41.9,49.5,41.9 - 49.5,
Symptoms of Depressive Disorder,By Race/Hispanic ethnicity,United States,Hispanic or Latino,2,17,Oct 14 - Oct 26,10/14/2020 0:00,10/26/2020 0:00,31.3,29.4,33.2,29.4 - 33.2,
Symptoms of Depressive Disorder,By Race/Hispanic ethnicity,United States,"Non-Hispanic white, single race",2,17,Oct 14 - Oct 26,10/14/2020 0:00,10/26/2020 0:00,24,23.3,24.7,23.3 - 24.7,
Symptoms of Depressive Disorder,By Race/Hispanic ethnicity,United States,"Non-Hispanic black, single race",2,17,Oct 14 - Oct 26,10/14/2020 0:00,10/26/2020 0:00,28.7,26.7,30.8,26.7 - 30.8,
Symptoms of Depressive Disorder,By Race/Hispanic ethnicity,United States,"Non-Hispanic Asian, single race",2,17,Oct 14 - Oct 26,10/14/2020 0:00,10/26/2020 0:00,23.1,20.4,26,20.4 - 26.0,
Symptoms of Depressive Disorder,By Race/Hispanic ethnicity,United States,"Non-Hispanic, other races and multiple races",2,17,Oct 14 - Oct 26,10/14/2020 0:00,10/26/2020 0:00,34.4,31.1,37.7,31.1 - 37.7,
Symptoms of Anxiety Disorder,By Race/Hispanic ethnicity,United States,Hispanic or Latino,2,17,Oct 14 - Oct 26,10/14/2020 0:00,10/26/2020 0:00,36,33.7,38.3,33.7 - 38.3,
Symptoms of Anxiety Disorder,By Race/Hispanic ethnicity,United States,"Non-Hispanic white, single race",2,17,Oct 14 - Oct 26,10/14/2020 0:00,10/26/2020 0:00,31.8,31.1,32.5,31.1 - 32.5,
Symptoms of Anxiety Disorder,By Race/Hispanic ethnicity,United States,"Non-Hispanic black, single race",2,17,Oct 14 - Oct 26,10/14/2020 0:00,10/26/2020 0:00,32.9,31,34.8,31.0 - 34.8,
Symptoms of Anxiety Disorder,By Race/Hispanic ethnicity,United States,"Non-Hispanic Asian, single race",2,17,Oct 14 - Oct 26,10/14/2020 0:00,10/26/2020 0:00,29.2,26.4,32,26.4 - 32.0,
Symptoms of Anxiety Disorder,By Race/Hispanic ethnicity,United States,"Non-Hispanic, other races and multiple races",2,17,Oct 14 - Oct 26,10/14/2020 0:00,10/26/2020 0:00,41.7,38,45.5,38.0 - 45.5,
Symptoms of Anxiety Disorder or Depressive Disorder,By Race/Hispanic ethnicity,United States,Hispanic or Latino,2,17,Oct 14 - Oct 26,10/14/2020 0:00,10/26/2020 0:00,42.2,39.8,44.6,39.8 - 44.6,
Symptoms of Anxiety Disorder or Depressive Disorder,By Race/Hispanic ethnicity,United States,"Non-Hispanic white, single race",2,17,Oct 14 - Oct 26,10/14/2020 0:00,10/26/2020 0:00,36.1,35.3,36.8,35.3 - 36.8,
Symptoms of Anxiety Disorder or Depressive Disorder,By Race/Hispanic ethnicity,United States,"Non-Hispanic black, single race",2,17,Oct 14 - Oct 26,10/14/2020 0:00,10/26/2020 0:00,39.8,37.6,42.1,37.6 - 42.1,
Symptoms of Anxiety Disorder or Depressive Disorder,By Race/Hispanic ethnicity,United States,"Non-Hispanic Asian, single race",2,17,Oct 14 - Oct 26,10/14/2020 0:00,10/26/2020 0:00,34.3,31.4,37.2,31.4 - 37.2,
Symptoms of Anxiety Disorder or Depressive Disorder,By Race/Hispanic ethnicity,United States,"Non-Hispanic, other races and multiple races",2,17,Oct 14 - Oct 26,10/14/2020 0:00,10/26/2020 0:00,48.3,45.1,51.4,45.1 - 51.4,
Symptoms of Depressive Disorder,By Race/Hispanic ethnicity,United States,Hispanic or Latino,3 (Oct 28 � Dec 21),18,Oct 28 - Nov 9,10/28/2020 0:00,11/9/2020 0:00,33.5,30.7,36.4,30.7 - 36.4,
Symptoms of Depressive Disorder,By Race/Hispanic ethnicity,United States,"Non-Hispanic white, single race",3 (Oct 28 � Dec 21),18,Oct 28 - Nov 9,10/28/2020 0:00,11/9/2020 0:00,25.4,24.5,26.2,24.5 - 26.2,
Symptoms of Depressive Disorder,By Race/Hispanic ethnicity,United States,"Non-Hispanic black, single race",3 (Oct 28 � Dec 21),18,Oct 28 - Nov 9,10/28/2020 0:00,11/9/2020 0:00,34,31,37.1,31.0 - 37.1,
Symptoms of Depressive Disorder,By Race/Hispanic ethnicity,United States,"Non-Hispanic Asian, single race",3 (Oct 28 � Dec 21),18,Oct 28 - Nov 9,10/28/2020 0:00,11/9/2020 0:00,21.8,18.7,25.2,18.7 - 25.2,
Symptoms of Depressive Disorder,By Race/Hispanic ethnicity,United States,"Non-Hispanic, other races and multiple races",3 (Oct 28 � Dec 21),18,Oct 28 - Nov 9,10/28/2020 0:00,11/9/2020 0:00,33.4,29.7,37.2,29.7 - 37.2,
Symptoms of Anxiety Disorder,By Race/Hispanic ethnicity,United States,Hispanic or Latino,3 (Oct 28 � Dec 21),18,Oct 28 - Nov 9,10/28/2020 0:00,11/9/2020 0:00,41.8,38.8,44.8,38.8 - 44.8,
Symptoms of Anxiety Disorder,By Race/Hispanic ethnicity,United States,"Non-Hispanic white, single race",3 (Oct 28 � Dec 21),18,Oct 28 - Nov 9,10/28/2020 0:00,11/9/2020 0:00,35,34.2,35.7,34.2 - 35.7,
Symptoms of Anxiety Disorder,By Race/Hispanic ethnicity,United States,"Non-Hispanic black, single race",3 (Oct 28 � Dec 21),18,Oct 28 - Nov 9,10/28/2020 0:00,11/9/2020 0:00,38.3,35.2,41.5,35.2 - 41.5,
Symptoms of Anxiety Disorder,By Race/Hispanic ethnicity,United States,"Non-Hispanic Asian, single race",3 (Oct 28 � Dec 21),18,Oct 28 - Nov 9,10/28/2020 0:00,11/9/2020 0:00,27.7,24.5,31.1,24.5 - 31.1,
Symptoms of Anxiety Disorder,By Race/Hispanic ethnicity,United States,"Non-Hispanic, other races and multiple races",3 (Oct 28 � Dec 21),18,Oct 28 - Nov 9,10/28/2020 0:00,11/9/2020 0:00,42.5,38.3,46.8,38.3 - 46.8,
Symptoms of Anxiety Disorder or Depressive Disorder,By Race/Hispanic ethnicity,United States,Hispanic or Latino,3 (Oct 28 � Dec 21),18,Oct 28 - Nov 9,10/28/2020 0:00,11/9/2020 0:00,48,45.4,50.7,45.4 - 50.7,
Symptoms of Anxiety Disorder or Depressive Disorder,By Race/Hispanic ethnicity,United States,"Non-Hispanic white, single race",3 (Oct 28 � Dec 21),18,Oct 28 - Nov 9,10/28/2020 0:00,11/9/2020 0:00,39.4,38.6,40.2,38.6 - 40.2,
Symptoms of Anxiety Disorder or Depressive Disorder,By Race/Hispanic ethnicity,United States,"Non-Hispanic black, single race",3 (Oct 28 � Dec 21),18,Oct 28 - Nov 9,10/28/2020 0:00,11/9/2020 0:00,45,41.9,48.2,41.9 - 48.2,
Symptoms of Anxiety Disorder or Depressive Disorder,By Race/Hispanic ethnicity,United States,"Non-Hispanic Asian, single race",3 (Oct 28 � Dec 21),18,Oct 28 - Nov 9,10/28/2020 0:00,11/9/2020 0:00,32.9,29,37.1,29.0 - 37.1,
Symptoms of Anxiety Disorder or Depressive Disorder,By Race/Hispanic ethnicity,United States,"Non-Hispanic, other races and multiple races",3 (Oct 28 � Dec 21),18,Oct 28 - Nov 9,10/28/2020 0:00,11/9/2020 0:00,48.5,44.3,52.8,44.3 - 52.8,
Symptoms of Depressive Disorder,By Race/Hispanic ethnicity,United States,Hispanic or Latino,3 (Oct 28 � Dec 21),19,Nov 11 - Nov 23,11/11/2020 0:00,11/23/2020 0:00,32.5,30.2,34.8,30.2 - 34.8,
Symptoms of Depressive Disorder,By Race/Hispanic ethnicity,United States,"Non-Hispanic white, single race",3 (Oct 28 � Dec 21),19,Nov 11 - Nov 23,11/11/2020 0:00,11/23/2020 0:00,27,26.2,27.8,26.2 - 27.8,
Symptoms of Depressive Disorder,By Race/Hispanic ethnicity,United States,"Non-Hispanic black, single race",3 (Oct 28 � Dec 21),19,Nov 11 - Nov 23,11/11/2020 0:00,11/23/2020 0:00,31.4,28.9,34.1,28.9 - 34.1,
Symptoms of Depressive Disorder,By Race/Hispanic ethnicity,United States,"Non-Hispanic Asian, single race",3 (Oct 28 � Dec 21),19,Nov 11 - Nov 23,11/11/2020 0:00,11/23/2020 0:00,23.2,20.4,26.2,20.4 - 26.2,
Symptoms of Depressive Disorder,By Race/Hispanic ethnicity,United States,"Non-Hispanic, other races and multiple races",3 (Oct 28 � Dec 21),19,Nov 11 - Nov 23,11/11/2020 0:00,11/23/2020 0:00,38.5,34.6,42.5,34.6 - 42.5,
Symptoms of Anxiety Disorder,By Race/Hispanic ethnicity,United States,Hispanic or Latino,3 (Oct 28 � Dec 21),19,Nov 11 - Nov 23,11/11/2020 0:00,11/23/2020 0:00,42.2,39.3,45,39.3 - 45.0,
Symptoms of Anxiety Disorder,By Race/Hispanic ethnicity,United States,"Non-Hispanic white, single race",3 (Oct 28 � Dec 21),19,Nov 11 - Nov 23,11/11/2020 0:00,11/23/2020 0:00,36.2,35.2,37.2,35.2 - 37.2,
Symptoms of Anxiety Disorder,By Race/Hispanic ethnicity,United States,"Non-Hispanic black, single race",3 (Oct 28 � Dec 21),19,Nov 11 - Nov 23,11/11/2020 0:00,11/23/2020 0:00,37.2,34,40.5,34.0 - 40.5,
Symptoms of Anxiety Disorder,By Race/Hispanic ethnicity,United States,"Non-Hispanic Asian, single race",3 (Oct 28 � Dec 21),19,Nov 11 - Nov 23,11/11/2020 0:00,11/23/2020 0:00,26.8,23.6,30.1,23.6 - 30.1,
Symptoms of Anxiety Disorder,By Race/Hispanic ethnicity,United States,"Non-Hispanic, other races and multiple races",3 (Oct 28 � Dec 21),19,Nov 11 - Nov 23,11/11/2020 0:00,11/23/2020 0:00,47.1,42.6,51.6,42.6 - 51.6,
Symptoms of Anxiety Disorder or Depressive Disorder,By Race/Hispanic ethnicity,United States,Hispanic or Latino,3 (Oct 28 � Dec 21),19,Nov 11 - Nov 23,11/11/2020 0:00,11/23/2020 0:00,48.2,45.6,50.8,45.6 - 50.8,
Symptoms of Anxiety Disorder or Depressive Disorder,By Race/Hispanic ethnicity,United States,"Non-Hispanic white, single race",3 (Oct 28 � Dec 21),19,Nov 11 - Nov 23,11/11/2020 0:00,11/23/2020 0:00,41.2,40.3,42,40.3 - 42.0,
Symptoms of Anxiety Disorder or Depressive Disorder,By Race/Hispanic ethnicity,United States,"Non-Hispanic black, single race",3 (Oct 28 � Dec 21),19,Nov 11 - Nov 23,11/11/2020 0:00,11/23/2020 0:00,43.6,40.4,46.8,40.4 - 46.8,
Symptoms of Anxiety Disorder or Depressive Disorder,By Race/Hispanic ethnicity,United States,"Non-Hispanic Asian, single race",3 (Oct 28 � Dec 21),19,Nov 11 - Nov 23,11/11/2020 0:00,11/23/2020 0:00,32.8,29.4,36.3,29.4 - 36.3,
Symptoms of Anxiety Disorder or Depressive Disorder,By Race/Hispanic ethnicity,United States,"Non-Hispanic, other races and multiple races",3 (Oct 28 � Dec 21),19,Nov 11 - Nov 23,11/11/2020 0:00,11/23/2020 0:00,52.6,48.4,56.8,48.4 - 56.8,
Symptoms of Depressive Disorder,By Race/Hispanic ethnicity,United States,Hispanic or Latino,3 (Oct 28 � Dec 21),20,Nov 25 - Dec 7,11/25/2020 0:00,12/7/2020 0:00,33.1,30.6,35.7,30.6 - 35.7,
Symptoms of Depressive Disorder,By Race/Hispanic ethnicity,United States,"Non-Hispanic white, single race",3 (Oct 28 � Dec 21),20,Nov 25 - Dec 7,11/25/2020 0:00,12/7/2020 0:00,27.2,26.3,28,26.3 - 28.0,
Symptoms of Depressive Disorder,By Race/Hispanic ethnicity,United States,"Non-Hispanic black, single race",3 (Oct 28 � Dec 21),20,Nov 25 - Dec 7,11/25/2020 0:00,12/7/2020 0:00,32.2,30.2,34.3,30.2 - 34.3,
Symptoms of Depressive Disorder,By Race/Hispanic ethnicity,United States,"Non-Hispanic Asian, single race",3 (Oct 28 � Dec 21),20,Nov 25 - Dec 7,11/25/2020 0:00,12/7/2020 0:00,25.7,22.8,28.8,22.8 - 28.8,
Symptoms of Depressive Disorder,By Race/Hispanic ethnicity,United States,"Non-Hispanic, other races and multiple races",3 (Oct 28 � Dec 21),20,Nov 25 - Dec 7,11/25/2020 0:00,12/7/2020 0:00,35,32.4,37.7,32.4 - 37.7,
Symptoms of Anxiety Disorder,By Race/Hispanic ethnicity,United States,Hispanic or Latino,3 (Oct 28 � Dec 21),20,Nov 25 - Dec 7,11/25/2020 0:00,12/7/2020 0:00,41.8,39.1,44.4,39.1 - 44.4,
Symptoms of Anxiety Disorder,By Race/Hispanic ethnicity,United States,"Non-Hispanic white, single race",3 (Oct 28 � Dec 21),20,Nov 25 - Dec 7,11/25/2020 0:00,12/7/2020 0:00,34.6,33.9,35.4,33.9 - 35.4,
Symptoms of Anxiety Disorder,By Race/Hispanic ethnicity,United States,"Non-Hispanic black, single race",3 (Oct 28 � Dec 21),20,Nov 25 - Dec 7,11/25/2020 0:00,12/7/2020 0:00,36.9,34.4,39.4,34.4 - 39.4,
Symptoms of Anxiety Disorder,By Race/Hispanic ethnicity,United States,"Non-Hispanic Asian, single race",3 (Oct 28 � Dec 21),20,Nov 25 - Dec 7,11/25/2020 0:00,12/7/2020 0:00,29.7,26.3,33.3,26.3 - 33.3,
Symptoms of Anxiety Disorder,By Race/Hispanic ethnicity,United States,"Non-Hispanic, other races and multiple races",3 (Oct 28 � Dec 21),20,Nov 25 - Dec 7,11/25/2020 0:00,12/7/2020 0:00,44.9,41.3,48.4,41.3 - 48.4,
Symptoms of Anxiety Disorder or Depressive Disorder,By Race/Hispanic ethnicity,United States,Hispanic or Latino,3 (Oct 28 � Dec 21),20,Nov 25 - Dec 7,11/25/2020 0:00,12/7/2020 0:00,48,45.1,50.9,45.1 - 50.9,
Symptoms of Anxiety Disorder or Depressive Disorder,By Race/Hispanic ethnicity,United States,"Non-Hispanic white, single race",3 (Oct 28 � Dec 21),20,Nov 25 - Dec 7,11/25/2020 0:00,12/7/2020 0:00,39.6,38.8,40.5,38.8 - 40.5,
Symptoms of Anxiety Disorder or Depressive Disorder,By Race/Hispanic ethnicity,United States,"Non-Hispanic black, single race",3 (Oct 28 � Dec 21),20,Nov 25 - Dec 7,11/25/2020 0:00,12/7/2020 0:00,42.5,40.2,44.9,40.2 - 44.9,
Symptoms of Anxiety Disorder or Depressive Disorder,By Race/Hispanic ethnicity,United States,"Non-Hispanic Asian, single race",3 (Oct 28 � Dec 21),20,Nov 25 - Dec 7,11/25/2020 0:00,12/7/2020 0:00,35,31.8,38.2,31.8 - 38.2,
Symptoms of Anxiety Disorder or Depressive Disorder,By Race/Hispanic ethnicity,United States,"Non-Hispanic, other races and multiple races",3 (Oct 28 � Dec 21),20,Nov 25 - Dec 7,11/25/2020 0:00,12/7/2020 0:00,49.8,46.5,53.1,46.5 - 53.1,
Symptoms of Depressive Disorder,By Race/Hispanic ethnicity,United States,Hispanic or Latino,3 (Oct 28 � Dec 21),21,Dec 9 - Dec 21,12/9/2020 0:00,12/21/2020 0:00,33,30.8,35.2,30.8 - 35.2,
Symptoms of Depressive Disorder,By Race/Hispanic ethnicity,United States,"Non-Hispanic white, single race",3 (Oct 28 � Dec 21),21,Dec 9 - Dec 21,12/9/2020 0:00,12/21/2020 0:00,28.8,28.1,29.5,28.1 - 29.5,
Symptoms of Depressive Disorder,By Race/Hispanic ethnicity,United States,"Non-Hispanic black, single race",3 (Oct 28 � Dec 21),21,Dec 9 - Dec 21,12/9/2020 0:00,12/21/2020 0:00,35.2,32.6,37.9,32.6 - 37.9,
Symptoms of Depressive Disorder,By Race/Hispanic ethnicity,United States,"Non-Hispanic Asian, single race",3 (Oct 28 � Dec 21),21,Dec 9 - Dec 21,12/9/2020 0:00,12/21/2020 0:00,24,20.8,27.5,20.8 - 27.5,
Symptoms of Depressive Disorder,By Race/Hispanic ethnicity,United States,"Non-Hispanic, other races and multiple races",3 (Oct 28 � Dec 21),21,Dec 9 - Dec 21,12/9/2020 0:00,12/21/2020 0:00,37.3,33.9,40.8,33.9 - 40.8,
Symptoms of Anxiety Disorder,By Race/Hispanic ethnicity,United States,Hispanic or Latino,3 (Oct 28 � Dec 21),21,Dec 9 - Dec 21,12/9/2020 0:00,12/21/2020 0:00,39.8,37.5,42,37.5 - 42.0,
Symptoms of Anxiety Disorder,By Race/Hispanic ethnicity,United States,"Non-Hispanic white, single race",3 (Oct 28 � Dec 21),21,Dec 9 - Dec 21,12/9/2020 0:00,12/21/2020 0:00,35.8,35,36.6,35.0 - 36.6,
Symptoms of Anxiety Disorder,By Race/Hispanic ethnicity,United States,"Non-Hispanic black, single race",3 (Oct 28 � Dec 21),21,Dec 9 - Dec 21,12/9/2020 0:00,12/21/2020 0:00,41.1,38.2,44.1,38.2 - 44.1,
Symptoms of Anxiety Disorder,By Race/Hispanic ethnicity,United States,"Non-Hispanic Asian, single race",3 (Oct 28 � Dec 21),21,Dec 9 - Dec 21,12/9/2020 0:00,12/21/2020 0:00,26.5,23.7,29.5,23.7 - 29.5,
Symptoms of Anxiety Disorder,By Race/Hispanic ethnicity,United States,"Non-Hispanic, other races and multiple races",3 (Oct 28 � Dec 21),21,Dec 9 - Dec 21,12/9/2020 0:00,12/21/2020 0:00,44.4,40.4,48.4,40.4 - 48.4,
Symptoms of Anxiety Disorder or Depressive Disorder,By Race/Hispanic ethnicity,United States,Hispanic or Latino,3 (Oct 28 � Dec 21),21,Dec 9 - Dec 21,12/9/2020 0:00,12/21/2020 0:00,46.3,44,48.5,44.0 - 48.5,
Symptoms of Anxiety Disorder or Depressive Disorder,By Race/Hispanic ethnicity,United States,"Non-Hispanic white, single race",3 (Oct 28 � Dec 21),21,Dec 9 - Dec 21,12/9/2020 0:00,12/21/2020 0:00,40.9,40,41.7,40.0 - 41.7,
Symptoms of Anxiety Disorder or Depressive Disorder,By Race/Hispanic ethnicity,United States,"Non-Hispanic black, single race",3 (Oct 28 � Dec 21),21,Dec 9 - Dec 21,12/9/2020 0:00,12/21/2020 0:00,48,45.3,50.7,45.3 - 50.7,
Symptoms of Anxiety Disorder or Depressive Disorder,By Race/Hispanic ethnicity,United States,"Non-Hispanic Asian, single race",3 (Oct 28 � Dec 21),21,Dec 9 - Dec 21,12/9/2020 0:00,12/21/2020 0:00,33.1,29.5,36.8,29.5 - 36.8,
Symptoms of Anxiety Disorder or Depressive Disorder,By Race/Hispanic ethnicity,United States,"Non-Hispanic, other races and multiple races",3 (Oct 28 � Dec 21),21,Dec 9 - Dec 21,12/9/2020 0:00,12/21/2020 0:00,48.9,45.1,52.8,45.1 - 52.8,
Symptoms of Depressive Disorder,By Race/Hispanic ethnicity,United States,Hispanic or Latino,3 (Jan 6 � Feb 1),22,Jan 6 - Jan 18,1/6/2021 0:00,1/18/2021 0:00,29.6,27.4,31.9,27.4 - 31.9,
Symptoms of Depressive Disorder,By Race/Hispanic ethnicity,United States,"Non-Hispanic white, single race",3 (Jan 6 � Feb 1),22,Jan 6 - Jan 18,1/6/2021 0:00,1/18/2021 0:00,27.4,26.6,28.3,26.6 - 28.3,
Symptoms of Depressive Disorder,By Race/Hispanic ethnicity,United States,"Non-Hispanic black, single race",3 (Jan 6 � Feb 1),22,Jan 6 - Jan 18,1/6/2021 0:00,1/18/2021 0:00,31.2,28.3,34.2,28.3 - 34.2,
Symptoms of Depressive Disorder,By Race/Hispanic ethnicity,United States,"Non-Hispanic Asian, single race",3 (Jan 6 � Feb 1),22,Jan 6 - Jan 18,1/6/2021 0:00,1/18/2021 0:00,23.6,21.2,26,21.2 - 26.0,
Symptoms of Depressive Disorder,By Race/Hispanic ethnicity,United States,"Non-Hispanic, other races and multiple races",3 (Jan 6 � Feb 1),22,Jan 6 - Jan 18,1/6/2021 0:00,1/18/2021 0:00,37.2,32.9,41.6,32.9 - 41.6,
Symptoms of Anxiety Disorder,By Race/Hispanic ethnicity,United States,Hispanic or Latino,3 (Jan 6 � Feb 1),22,Jan 6 - Jan 18,1/6/2021 0:00,1/18/2021 0:00,37.6,35.5,39.7,35.5 - 39.7,
Symptoms of Anxiety Disorder,By Race/Hispanic ethnicity,United States,"Non-Hispanic white, single race",3 (Jan 6 � Feb 1),22,Jan 6 - Jan 18,1/6/2021 0:00,1/18/2021 0:00,35.8,35,36.6,35.0 - 36.6,
Symptoms of Anxiety Disorder,By Race/Hispanic ethnicity,United States,"Non-Hispanic black, single race",3 (Jan 6 � Feb 1),22,Jan 6 - Jan 18,1/6/2021 0:00,1/18/2021 0:00,34.8,31.8,38,31.8 - 38.0,
Symptoms of Anxiety Disorder,By Race/Hispanic ethnicity,United States,"Non-Hispanic Asian, single race",3 (Jan 6 � Feb 1),22,Jan 6 - Jan 18,1/6/2021 0:00,1/18/2021 0:00,28.1,25.6,30.7,25.6 - 30.7,
Symptoms of Anxiety Disorder,By Race/Hispanic ethnicity,United States,"Non-Hispanic, other races and multiple races",3 (Jan 6 � Feb 1),22,Jan 6 - Jan 18,1/6/2021 0:00,1/18/2021 0:00,41.2,37.2,45.2,37.2 - 45.2,
Symptoms of Anxiety Disorder or Depressive Disorder,By Race/Hispanic ethnicity,United States,Hispanic or Latino,3 (Jan 6 � Feb 1),22,Jan 6 - Jan 18,1/6/2021 0:00,1/18/2021 0:00,42.1,39.9,44.3,39.9 - 44.3,
Symptoms of Anxiety Disorder or Depressive Disorder,By Race/Hispanic ethnicity,United States,"Non-Hispanic white, single race",3 (Jan 6 � Feb 1),22,Jan 6 - Jan 18,1/6/2021 0:00,1/18/2021 0:00,40.6,39.8,41.4,39.8 - 41.4,
Symptoms of Anxiety Disorder or Depressive Disorder,By Race/Hispanic ethnicity,United States,"Non-Hispanic black, single race",3 (Jan 6 � Feb 1),22,Jan 6 - Jan 18,1/6/2021 0:00,1/18/2021 0:00,42.2,39.1,45.4,39.1 - 45.4,
Symptoms of Anxiety Disorder or Depressive Disorder,By Race/Hispanic ethnicity,United States,"Non-Hispanic Asian, single race",3 (Jan 6 � Feb 1),22,Jan 6 - Jan 18,1/6/2021 0:00,1/18/2021 0:00,34,31.4,36.6,31.4 - 36.6,
Symptoms of Anxiety Disorder or Depressive Disorder,By Race/Hispanic ethnicity,United States,"Non-Hispanic, other races and multiple races",3 (Jan 6 � Feb 1),22,Jan 6 - Jan 18,1/6/2021 0:00,1/18/2021 0:00,50.7,46.6,54.8,46.6 - 54.8,
Symptoms of Depressive Disorder,By Race/Hispanic ethnicity,United States,Hispanic or Latino,3 (Jan 6 � Feb 1),23,Jan 20 - Feb 1,1/20/2021 0:00,2/1/2021 0:00,32.1,30,34.3,30.0 - 34.3,
Symptoms of Depressive Disorder,By Race/Hispanic ethnicity,United States,"Non-Hispanic white, single race",3 (Jan 6 � Feb 1),23,Jan 20 - Feb 1,1/20/2021 0:00,2/1/2021 0:00,26.9,26.3,27.5,26.3 - 27.5,
Symptoms of Depressive Disorder,By Race/Hispanic ethnicity,United States,"Non-Hispanic black, single race",3 (Jan 6 � Feb 1),23,Jan 20 - Feb 1,1/20/2021 0:00,2/1/2021 0:00,31,28.4,33.7,28.4 - 33.7,
Symptoms of Depressive Disorder,By Race/Hispanic ethnicity,United States,"Non-Hispanic Asian, single race",3 (Jan 6 � Feb 1),23,Jan 20 - Feb 1,1/20/2021 0:00,2/1/2021 0:00,26.2,22.8,29.7,22.8 - 29.7,
Symptoms of Depressive Disorder,By Race/Hispanic ethnicity,United States,"Non-Hispanic, other races and multiple races",3 (Jan 6 � Feb 1),23,Jan 20 - Feb 1,1/20/2021 0:00,2/1/2021 0:00,34.5,31,38.2,31.0 - 38.2,
Symptoms of Anxiety Disorder,By Race/Hispanic ethnicity,United States,Hispanic or Latino,3 (Jan 6 � Feb 1),23,Jan 20 - Feb 1,1/20/2021 0:00,2/1/2021 0:00,41.5,38.9,44.2,38.9 - 44.2,
Symptoms of Anxiety Disorder,By Race/Hispanic ethnicity,United States,"Non-Hispanic white, single race",3 (Jan 6 � Feb 1),23,Jan 20 - Feb 1,1/20/2021 0:00,2/1/2021 0:00,34.9,33.9,35.8,33.9 - 35.8,
Symptoms of Anxiety Disorder,By Race/Hispanic ethnicity,United States,"Non-Hispanic black, single race",3 (Jan 6 � Feb 1),23,Jan 20 - Feb 1,1/20/2021 0:00,2/1/2021 0:00,38,35.4,40.7,35.4 - 40.7,
Symptoms of Anxiety Disorder,By Race/Hispanic ethnicity,United States,"Non-Hispanic Asian, single race",3 (Jan 6 � Feb 1),23,Jan 20 - Feb 1,1/20/2021 0:00,2/1/2021 0:00,30.1,26.6,33.7,26.6 - 33.7,
Symptoms of Anxiety Disorder,By Race/Hispanic ethnicity,United States,"Non-Hispanic, other races and multiple races",3 (Jan 6 � Feb 1),23,Jan 20 - Feb 1,1/20/2021 0:00,2/1/2021 0:00,36.6,33.1,40.3,33.1 - 40.3,
Symptoms of Anxiety Disorder or Depressive Disorder,By Race/Hispanic ethnicity,United States,Hispanic or Latino,3 (Jan 6 � Feb 1),23,Jan 20 - Feb 1,1/20/2021 0:00,2/1/2021 0:00,47.1,44.7,49.4,44.7 - 49.4,
Symptoms of Anxiety Disorder or Depressive Disorder,By Race/Hispanic ethnicity,United States,"Non-Hispanic white, single race",3 (Jan 6 � Feb 1),23,Jan 20 - Feb 1,1/20/2021 0:00,2/1/2021 0:00,39.8,38.9,40.7,38.9 - 40.7,
Symptoms of Anxiety Disorder or Depressive Disorder,By Race/Hispanic ethnicity,United States,"Non-Hispanic black, single race",3 (Jan 6 � Feb 1),23,Jan 20 - Feb 1,1/20/2021 0:00,2/1/2021 0:00,44.5,41.6,47.5,41.6 - 47.5,
Symptoms of Anxiety Disorder or Depressive Disorder,By Race/Hispanic ethnicity,United States,"Non-Hispanic Asian, single race",3 (Jan 6 � Feb 1),23,Jan 20 - Feb 1,1/20/2021 0:00,2/1/2021 0:00,37.4,33.4,41.5,33.4 - 41.5,
Symptoms of Anxiety Disorder or Depressive Disorder,By Race/Hispanic ethnicity,United States,"Non-Hispanic, other races and multiple races",3 (Jan 6 � Feb 1),23,Jan 20 - Feb 1,1/20/2021 0:00,2/1/2021 0:00,44.8,41,48.6,41.0 - 48.6,
